{
	"type": "minecraft:flower",
	"config": {
		"tries": 32,
		"xz_spread": 7,
		"y_spread": 3,
		"feature": {
			"feature": {
				"type": "minecraft:simple_block",
				"config": {
					"to_place": {
						"type": "minecraft:weighted_state_provider",
						"entries": [
							{
								"weight": 4,
								"data": {
									"Name": "minecraft:tall_grass",
									"Properties": {
										"half": "lower"
									}
								}
							},
							{
								"weight": 1,
								"data": {
									"Name": "minecraft:short_grass"
								}
							}
						]
					}
				}
			},
			"placement": [
				{
					"type": "minecraft:block_predicate_filter",
					"predicate": {
						"type": "minecraft:all_of",
						"predicates": [
							{
								"type": "minecraft:would_survive",
								"state": {
									"Name": "minecraft:short_grass"
								}
							},
							{
								"type": "minecraft:matching_blocks",
								"blocks": [
									"minecraft:air"
								]
							}
						]
					}
				}
			]
		}
	}
}
