{
	"display": {
		"icon": {
			"item": "minecraft:chiseled_quartz_block",
			"nbt": "{Enchantments:[{}],CustomModelData:90000}"
		},
		"title": {
			"translate": "stellarity.advancements.fae_flayer",
			"fallback": "Fae Flayer"
		},
		"description": {
			"translate": "stellarity.advancements.fae_flayer.description",
			"fallback": "Move an Altar of The Sacred to the Overworld, then summon and kill the Empress during the day",
			"color": "gold"
		},
		"frame": "challenge",
		"show_toast": true,
		"announce_to_chat": true,
		"hidden": false
	},
	"parent": "stellarity:eol/summon_empress",
	"criteria": {
		"requirement": {
			"trigger": "minecraft:impossible"
		}
	}
}
