{
  "processors": [
    {
      "processor_type": "minecraft:rule",
      "rules": [
        {
          "input_predicate": {
            "block": "minecraft:stone_bricks",
            "predicate_type": "minecraft:random_block_match",
            "probability": 0.3
          },
          "location_predicate": {
            "predicate_type": "minecraft:always_true"
          },
          "output_state": {
            "Name": "minecraft:cracked_stone_bricks"
          }
        },
		{
          "input_predicate": {
            "block": "minecraft:decorated_pot",
            "predicate_type": "minecraft:random_block_match",
            "probability": 0.3
          },
          "location_predicate": {
            "predicate_type": "minecraft:always_true"
          },
          "output_state": {
            "Name": "minecraft:air"
          }
        },
		{
          "input_predicate": {
            "block": "minecraft:stone_bricks",
            "predicate_type": "minecraft:random_block_match",
            "probability": 0.6
          },
          "location_predicate": {
            "predicate_type": "minecraft:always_true"
          },
          "output_state": {
            "Name": "minecraft:mossy_stone_bricks"
          }
        },
        {
          "input_predicate": {
            "block": "minecraft:cobblestone",
            "predicate_type": "minecraft:random_block_match",
            "probability": 0.7
          },
          "location_predicate": {
            "predicate_type": "minecraft:always_true"
          },
          "output_state": {
            "Name": "minecraft:mossy_cobblestone"
          }
        },
		{
          "input_predicate": {
            "block": "minecraft:suspicious_gravel",
            "predicate_type": "minecraft:random_block_match",
            "probability": 0.91
          },
          "location_predicate": {
            "predicate_type": "minecraft:always_true"
          },
          "output_state": {
            "Name": "minecraft:gravel"
          }
        },
        {
          "block_entity_modifier": {
            "type": "minecraft:append_loot",
            "loot_table": "nova_structures:chests/jungle_ruins/jungle_ruins_house"
          },
          "input_predicate": {
            "block_state": {
              "Name": "minecraft:chest",
              "Properties": {
                "facing": "east"
              }
            },
            "predicate_type": "minecraft:random_blockstate_match",
            "probability": 1
          },
          "location_predicate": {
            "predicate_type": "minecraft:always_true"
          },
          "output_state": {
            "Name": "minecraft:chest",
            "Properties": {
              "facing": "east"
            }
          }
        },
        {
          "block_entity_modifier": {
            "type": "minecraft:append_loot",
            "loot_table": "nova_structures:chests/jungle_ruins/jungle_ruins_house"
          },
          "input_predicate": {
            "block_state": {
              "Name": "minecraft:chest",
              "Properties": {
                "facing": "north"
              }
            },
            "predicate_type": "minecraft:random_blockstate_match",
            "probability": 1
          },
          "location_predicate": {
            "predicate_type": "minecraft:always_true"
          },
          "output_state": {
            "Name": "minecraft:chest",
            "Properties": {
              "facing": "north"
            }
          }
        },
        {
          "block_entity_modifier": {
            "type": "minecraft:append_loot",
            "loot_table": "nova_structures:chests/jungle_ruins/jungle_ruins_house"
          },
          "input_predicate": {
            "block_state": {
              "Name": "minecraft:chest",
              "Properties": {
                "facing": "west"
              }
            },
            "predicate_type": "minecraft:random_blockstate_match",
            "probability": 1
          },
          "location_predicate": {
            "predicate_type": "minecraft:always_true"
          },
          "output_state": {
            "Name": "minecraft:chest",
            "Properties": {
              "facing": "west"
            }
          }
        },
        {
          "block_entity_modifier": {
            "type": "minecraft:append_loot",
            "loot_table": "nova_structures:chests/jungle_ruins/jungle_ruins_house"
          },
          "input_predicate": {
            "block_state": {
              "Name": "minecraft:chest",
              "Properties": {
                "facing": "south"
              }
            },
            "predicate_type": "minecraft:random_blockstate_match",
            "probability": 1
          },
          "location_predicate": {
            "predicate_type": "minecraft:always_true"
          },
          "output_state": {
            "Name": "minecraft:chest",
            "Properties": {
              "facing": "south"
            }
          }
        }
      ]
    }
  ]
}