{
	"parent": "stellarity:events/root",
	"criteria": {
		"requirement": {
			"trigger": "minecraft:player_hurt_entity",
			"conditions": {
				"player": [
					{
						"condition": "entity_scores",
						"entity": "this",
						"scores": {
							"stellarity.items.crest.bonus_dmg": {
								"min": 1
							}
						}
					}
				],
				"damage": {
					"type": {
						"tags":[
							{
								"id": "stellarity:melee",
								"expected": true
							}	
						]
					}
				}
			}
		}
	},
	"rewards": {
		"function": "stellarity:items/crest_of_the_end/attack"
	}
}
