{
	"parent": "stellarity:events/root",
	"criteria": {
		"requirement": {
			"trigger": "minecraft:entity_hurt_player",
			"conditions": {
				"player": [
					{
						"condition": "minecraft:reference",
						"name": "stellarity:items/holding/trinkets/crest"
					}
				],
				"damage": {
					"blocked": true,
					"source_entity": {
						"equipment": {
							"mainhand": {
								"tag": "minecraft:axes"
							}
						}
					},
					"type": {
						"tags": [
							{
								"id": "minecraft:bypasses_shield",
								"expected": false
							}
						]
					}
				}
			}
		}
	},
	"rewards": {
		"function": "stellarity:items/crest_of_the_end/block_axe"
	}
}
