{
	"type": "minecraft:entity",
	"pools": [
		{
			"rolls": {
				"type": "minecraft:score",
				"target": "this",
				"score": "stellarity.phantom.size",
				"scale": 1
			},
			"bonus_rolls": 0,
			"entries": [
				{
					"type": "minecraft:item",
					"name": "minecraft:phantom_membrane",
					"functions": [
						{
							"function": "minecraft:set_count",
							"count": {
								"type": "minecraft:uniform",
								"min": 0,
								"max": 1
							},
							"add": false
						},
						{
							"function": "minecraft:looting_enchant",
							"count": {
								"type": "minecraft:uniform",
								"min": 0,
								"max": 1
							}
						}
					]
				}
			]
		},
		{
			"rolls": {
				"type": "minecraft:score",
				"target": "this",
				"score": "stellarity.phantom.size",
				"scale": 1
			},
			"bonus_rolls": 0,
			"entries": [
				{
					"type": "minecraft:item",
					"name": "minecraft:gunpowder",
					"functions": [
						{
							"function": "minecraft:set_count",
							"count": {
								"type": "minecraft:uniform",
								"min": 0,
								"max": 1
							},
							"add": false
						},
						{
							"function": "minecraft:looting_enchant",
							"count": {
								"type": "minecraft:uniform",
								"min": 0,
								"max": 1
							}
						}
					],
					"conditions": [
						{
							"condition": "minecraft:damage_source_properties",
							"predicate": {
								"tags": [
									{
										"id": "minecraft:is_fire",
										"expected": true
									}
								]
							}
						}
					]
				}
			]
		}
	]
}
