{
	"pools": [
		{
			"rolls": 1,
			"entries": [
				{
					"type": "minecraft:item",
					"name": "minecraft:heartbreak_pottery_sherd",
					"weight": 1
				},
				{
					"type": "minecraft:item",
					"name": "minecraft:prize_pottery_sherd",
					"weight": 1
				},
				{
					"type": "minecraft:item",
					"name": "minecraft:blade_pottery_sherd",
					"weight": 1
				},
				{
					"type": "minecraft:item",
					"name": "minecraft:archer_pottery_sherd",
					"weight": 1
				},
				{
					"type": "minecraft:item",
					"name": "minecraft:burn_pottery_sherd",
					"weight": 2
				},
				{
					"type": "minecraft:item",
					"name": "minecraft:skull_pottery_sherd",
					"weight": 2
				},
				{
					"type": "minecraft:item",
					"name": "minecraft:arms_up_pottery_sherd",
					"weight": 2
				},
				{
					"type": "minecraft:item",
					"name": "minecraft:friend_pottery_sherd",
					"weight": 2
				},
				{
					"type": "minecraft:item",
					"name": "minecraft:obsidian",
					"weight": 2
				},
				{
					"type": "minecraft:item",
					"name": "minecraft:chain",
					"weight": 2
				},
				{
					"type": "minecraft:item",
					"name": "minecraft:black_banner",
					"weight": 2,
					"functions": [
						{
							"function": "minecraft:set_components",
							"components": {
								"minecraft:item_name": "{\"color\":\"gold\",\"italic\":false,\"text\":\"Piglin Brute Banner\"}",
								"minecraft:lore": [
									"{\"color\":\"blue\",\"italic\":false,\"text\":\"Fireproof\"}"
								],
								"minecraft:fire_resistant": {},
								"minecraft:banner_patterns": [
									{
										"pattern": "minecraft:circle",
										"color": "yellow"
									},
									{
										"pattern": "minecraft:piglin",
										"color": "black"
									},
									{
										"pattern": "minecraft:border",
										"color": "yellow"
									}
								]
							}
						}
					]
				},
				{
					"type": "minecraft:item",
					"name": "minecraft:yellow_banner",
					"weight": 2,
					"functions": [
						{
							"function": "minecraft:set_components",
							"components": {
								"minecraft:item_name": "{\"color\":\"gold\",\"italic\":false,\"text\":\"Piglin Hammer Banner\"}",
								"minecraft:lore": [
									"{\"color\":\"blue\",\"italic\":false,\"text\":\"Fireproof\"}"
								],
								"minecraft:fire_resistant": {},
								"minecraft:banner_patterns": [
									{
										"pattern": "minecraft:flower",
										"color": "orange"
									},
									{
										"pattern": "minecraft:stripe_bottom",
										"color": "red"
									},
									{
										"pattern": "minecraft:straight_cross",
										"color": "yellow"
									},
									{
										"pattern": "minecraft:border",
										"color": "red"
									},
									{
										"pattern": "minecraft:stripe_top",
										"color": "red"
									},
									{
										"pattern": "minecraft:circle",
										"color": "yellow"
									}
								]
							}
						}
					]
				},
				{
					"type": "minecraft:item",
					"name": "minecraft:red_banner",
					"weight": 2,
					"functions": [
						{
							"function": "minecraft:set_components",
							"components": {
								"minecraft:item_name": "{\"color\":\"gold\",\"italic\":false,\"text\":\"Piglin Civilization Banner\"}",
								"minecraft:lore": [
									"{\"color\":\"blue\",\"italic\":false,\"text\":\"Fireproof\"}"
								],
								"minecraft:fire_resistant": {},
								"minecraft:banner_patterns": [
									{
										"pattern": "minecraft:stripe_top",
										"color": "yellow"
									},
									{
										"pattern": "minecraft:triangle_top",
										"color": "red"
									},
									{
										"pattern": "minecraft:piglin",
										"color": "yellow"
									},
									{
										"pattern": "minecraft:curly_border",
										"color": "red"
									}
								]
							}
						}
					]
				},
				{
					"type": "minecraft:item",
					"name": "minecraft:fire_charge",
					"weight": 2
				},
				{
					"type": "minecraft:item",
					"name": "minecraft:warped_fungus",
					"weight": 2
				},
				{
					"type": "minecraft:item",
					"name": "minecraft:crimson_fungus",
					"weight": 2
				},
				{
					"type": "minecraft:item",
					"name": "minecraft:piglin_banner_pattern",
					"weight": 2
				},
				{
					"type": "minecraft:item",
					"name": "minecraft:book",
					"weight": 2,
					"functions": [
						{
							"function": "minecraft:enchant_with_levels",
							"levels": 50
						}
					]
				},
				{
					"type": "minecraft:item",
					"name": "minecraft:golden_chestplate",
					"weight": 1,
					"functions": [
						{
							"function": "minecraft:set_damage",
							"damage": {
								"min": 0.6,
								"max": 0.9
							},
							"add": false
						},
						{
							"function": "minecraft:set_count",
							"count": 1,
							"add": false
						},
						{
							"function": "minecraft:enchant_with_levels",
							"levels": 30
						},
						{
							"function": "minecraft:set_components",
							"components": {
								"minecraft:trim": {
									"material": "minecraft:netherite",
									"pattern": "minecraft:snout",
									"show_in_tooltip": true
								}
							}
						}
					]
				},
				{
					"type": "minecraft:item",
					"name": "minecraft:golden_leggings",
					"weight": 1,
					"functions": [
						{
							"function": "minecraft:set_damage",
							"damage": {
								"min": 0.6,
								"max": 0.9
							},
							"add": false
						},
						{
							"function": "minecraft:set_count",
							"count": 1,
							"add": false
						},
						{
							"function": "minecraft:enchant_with_levels",
							"levels": 30
						},
						{
							"function": "minecraft:set_components",
							"components": {
								"minecraft:trim": {
									"material": "minecraft:netherite",
									"pattern": "minecraft:snout",
									"show_in_tooltip": true
								}
							}
						}
					]
				},
				{
					"type": "minecraft:item",
					"name": "minecraft:spectral_arrow",
					"weight": 2
				},
				{
					"type": "minecraft:item",
					"name": "minecraft:crossbow",
					"weight": 2,
					"functions": [
						{
							"function": "minecraft:enchant_with_levels",
							"levels": 15
						},
						{
							"function": "minecraft:set_damage",
							"damage": {
								"min": 0.2,
								"max": 0.5
							},
							"add": false
						}
					]
				},
				{
					"type": "minecraft:item",
					"name": "minecraft:piglin_head",
					"weight": 1
				},
				{
					"type": "minecraft:item",
					"name": "minecraft:creeper_head",
					"weight": 1
				},
				{
					"type": "minecraft:item",
					"name": "minecraft:skeleton_skull",
					"weight": 1
				},
				{
					"type": "minecraft:item",
					"name": "minecraft:zombie_head",
					"weight": 1
				},
				{
					"type": "minecraft:item",
					"name": "minecraft:raw_gold_block",
					"weight": 2
				},
				{
					"type": "minecraft:item",
					"name": "minecraft:golden_apple",
					"weight": 2
				},
				{
					"type": "minecraft:item",
					"name": "minecraft:enchanted_golden_apple",
					"weight": 1
				},
				{
					"type": "minecraft:item",
					"name": "minecraft:diamond",
					"weight": 2
				},
				{
					"type": "minecraft:item",
					"name": "minecraft:crying_obsidian",
					"weight": 2
				},
				{
					"type": "minecraft:item",
					"name": "minecraft:splash_potion",
					"weight": 1,
					"functions": [
						{
							"function": "minecraft:set_potion",
							"id": "minecraft:long_night_vision"
						}
					]
				},
				{
					"type": "minecraft:item",
					"name": "minecraft:splash_potion",
					"weight": 1,
					"functions": [
						{
							"function": "minecraft:set_potion",
							"id": "minecraft:long_fire_resistance"
						}
					]
				},
				{
					"type": "minecraft:item",
					"name": "minecraft:ender_pearl",
					"weight": 2
				},
				{
					"type": "minecraft:item",
					"name": "minecraft:rib_armor_trim_smithing_template",
					"weight": 2
				},
				{
					"type": "minecraft:item",
					"name": "minecraft:goat_horn",
					"weight": 1,
					"functions": [
						{
							"function": "minecraft:set_instrument",
							"options": "#minecraft:goat_horns"
						}
					]
				},
				{
					"type": "minecraft:item",
					"name": "minecraft:music_disc_pigstep"
				},
				{
					"type": "minecraft:item",
					"name": "minecraft:bundle",
					"weight": 1
				},
				{
					"type": "minecraft:item",
					"name": "minecraft:painting"
				},
				{
					"type": "minecraft:item",
					"name": "minecraft:bell"
				},
				{
					"type": "minecraft:item",
					"name": "minecraft:lead"
				},
				{
					"type": "minecraft:item",
					"name": "minecraft:saddle"
				},
				{
					"type": "minecraft:item",
					"name": "minecraft:netherite_scrap"
				},
				{
					"type": "minecraft:item",
					"name": "minecraft:bone_block",
					"weight": 1
				},
				{
					"type": "minecraft:item",
					"name": "minecraft:crimson_nylium"
				},
				{
					"type": "minecraft:item",
					"name": "minecraft:diamond_sword",
					"functions": [
						{
							"function": "minecraft:enchant_randomly"
						},
						{
							"function": "minecraft:set_damage",
							"damage": {
								"min": 0.1,
								"max": 0.15
							},
							"add": false
						}
					]
				},
				{
					"type": "minecraft:item",
					"name": "minecraft:diamond_pickaxe",
					"functions": [
						{
							"function": "minecraft:enchant_randomly"
						},
						{
							"function": "minecraft:set_damage",
							"damage": {
								"min": 0.1,
								"max": 0.15
							},
							"add": false
						}
					]
				},
				{
					"type": "minecraft:item",
					"name": "minecraft:spyglass"
				},
				{
					"type": "minecraft:item",
					"name": "minecraft:wither_rose"
				}
			]
		}
	]
}
