{
	"type": "minecraft:random_selector",
	"config": {
		"features": [
			{
				"chance": 0.8,
				"feature": {
					"feature": {
						"type": "minecraft:tree",
						"config": {
							"ignore_vines": true,
							"force_dirt": false,
							"minimum_size": {
								"type": "minecraft:two_layers_feature_size",
								"limit": 3,
								"lower_size": 0,
								"upper_size": 2
							},
							"dirt_provider": {
								"type": "minecraft:simple_state_provider",
								"state": {
									"Name": "minecraft:acacia_wood",
									"Properties": {
										"axis": "y"
									}
								}
							},
							"trunk_provider": {
								"type": "minecraft:simple_state_provider",
								"state": {
									"Name": "minecraft:acacia_wood",
									"Properties": {
										"axis": "y"
									}
								}
							},
							"foliage_provider": {
								"type": "minecraft:simple_state_provider",
								"state": {
									"Name": "minecraft:oak_leaves",
									"Properties": {
										"distance": "7",
										"persistent": "false",
										"waterlogged": "false"
									}
								}
							},
							"root_placer": {
								"type": "minecraft:mangrove_root_placer",
								"root_provider": {
									"type": "minecraft:simple_state_provider",
									"state": {
										"Name": "minecraft:acacia_wood",
										"Properties": {
											"axis": "y"
										}
									}
								},
								"trunk_offset_y": {
									"type": "minecraft:uniform",
									"value": {
										"min_inclusive": 0,
										"max_inclusive": 5
									}
								},
								"above_root_placement": {
									"above_root_provider": {
										"type": "minecraft:simple_state_provider",
										"state": {
											"Name": "minecraft:air"
										}
									},
									"above_root_placement_chance": 0.5
								},
								"mangrove_root_placement": {
									"max_root_width": 8,
									"max_root_length": 15,
									"random_skew_chance": 0.2,
									"can_grow_through": "#minecraft:mangrove_roots_can_grow_through",
									"muddy_roots_in": [
										"minecraft:mud",
										"minecraft:muddy_mangrove_roots"
									],
									"muddy_roots_provider": {
										"type": "minecraft:simple_state_provider",
										"state": {
											"Name": "minecraft:acacia_wood",
											"Properties": {
												"axis": "y"
											}
										}
									}
								}
							},
							"trunk_placer": {
                "type": "minecraft:cherry_trunk_placer",
                "base_height": 5,
                "branch_count": {
                  "type": "minecraft:weighted_list",
                  "distribution": [
                    {
                      "data": 1,
                      "weight": 1
                    },
                    {
                      "data": 2,
                      "weight": 1
                    },
                    {
                      "data": 3,
                      "weight": 1
                    }
                  ]
                },
                "branch_end_offset_from_top": {
                  "type": "minecraft:uniform",
                  "value": {
                    "max_inclusive": 0,
                    "min_inclusive": -1
                  }
                },
                "branch_horizontal_length": {
                  "type": "minecraft:uniform",
                  "value": {
                    "max_inclusive": 5,
                    "min_inclusive": 3
                  }
                },
                "branch_start_offset_from_top": {
                  "max_inclusive": -3,
                  "min_inclusive": -4
                },
                "height_rand_a": 3,
                "height_rand_b": 6
              },
							"foliage_placer": {
                "type": "minecraft:cherry_foliage_placer",
                "corner_hole_chance": 0.25,
                "hanging_leaves_chance": 0.16666667,
                "hanging_leaves_extension_chance": 0.33333334,
                "height": 5,
                "offset": 0,
                "radius": 4,
                "wide_bottom_layer_hole_chance": 0.25
              },
							"decorators": [
								{
									"type": "minecraft:leave_vine",
									"probability": 0.125
								}
							]
						}
					},
					"placement": []
				}
			}
		],
		"default": "far_end:nothing"
	}
}
