{
	"type": "minecraft:block",
	"pools": [
		{
			"rolls": 1,
			"entries": [
				{
					"type": "minecraft:item",
					"name": "minecraft:chorus_flower",
					"conditions": [
						{
							"condition": "minecraft:survives_explosion"
						}
					]
				}
			],
			"conditions": [
				{
					"condition": "minecraft:entity_properties",
					"entity": "this",
					"predicate": {}
				}
			]
		},
		{
			"rolls": 1,
			"entries": [
				{
					"type": "minecraft:item",
					"name": "minecraft:chorus_flower"
				}
			],
			"conditions": [
				{
					"condition": "minecraft:inverted",
					"term": {
						"condition": "minecraft:entity_properties",
						"entity": "this",
						"predicate": {}
					}
				},
                {
                    "condition": "minecraft:survives_explosion"
                },
				{
					"condition": "minecraft:random_chance",
					"chance": 0.25
				}
			]
		}
	]
}
