{
	"type": "minecraft:block",
	"pools": [
		{
			"rolls": 1,
			"bonus_rolls": 0,
			"entries": [
				{
					"type": "minecraft:item",
					"name": "minecraft:netherrack"
				}
			],
			"conditions": [
				{
					"condition": "minecraft:survives_explosion"
				}
			]
		},
		{
			"rolls": 1,
			"entries": [
				{
					"type": "minecraft:empty",
					"weight": 147
				},
				{
					"type": "minecraft:item",
					"weight": 3,
					"name": "minecraft:gold_nugget",
					"functions": [
						{
							"function": "minecraft:set_count",
							"count": {
								"min": 1,
								"max": 3
							}
						}
					]
				},
				{
					"type": "minecraft:item",
					"weight": 3,
					"name": "minecraft:nether_wart"
				},
				{
					"type": "minecraft:item",
					"weight": 5,
					"name": "minecraft:nether_brick"
				},
				{
					"type": "minecraft:item",
					"weight": 2,
					"name": "minecraft:bone"
				},
				{
					"type": "minecraft:item",
					"weight": 2,
					"quality": 1,
					"name": "minecraft:ghast_tear"
				},
				{
					"type": "minecraft:item",
					"weight": 3,
					"name": "minecraft:rotten_flesh"
				},
				{
					"type": "minecraft:item",
					"weight": 4,
					"name": "minecraft:quartz"
				},
				{
					"type": "minecraft:item",
					"weight": 2,
					"name": "minecraft:crimson_fungus"
				},
				{
					"type": "minecraft:item",
					"weight": 2,
					"name": "minecraft:warped_fungus"
				},
				{
					"type": "minecraft:item",
					"quality": 1,
					"name": "minecraft:blaze_powder"
				},
				{
					"type": "minecraft:item",
					"weight": 4,
					"name": "minecraft:glowstone_dust",
					"functions": [
						{
							"function": "minecraft:set_count",
							"count": {
								"min": 1,
								"max": 2
							}
						}
					]
				}
			],
			"conditions": [
				{
					"condition": "minecraft:match_tool",
					"predicate": {
						"nbt": "{stellarity.special_item:\"hematic_pickaxe\"}"
					}
				}
			]
		}
	],
	"random_sequence": "minecraft:blocks/netherrack"
}
