{
    "pools": [
        {
            "rolls": {
                "min": 1,
                "max": 2
            },
            "entries": [
                {
                    "type": "minecraft:item",
                    "weight": 80,
                    "name": "minecraft:iron_sword",
                    "functions": [
                        {
                            "function": "minecraft:set_damage",
                            "damage": {
                                "min": 0.2,
                                "max": 0.9
                            }
                        },
                        {
                            "function": "minecraft:enchant_with_levels",
                            "levels": {
                                "min": 1,
                                "max": 30
                            },
                            "treasure": true,
                            "conditions": [
                                {
                                    "condition": "minecraft:random_chance",
                                    "chance": 0.4
                                }
                            ]
                        }
                    ]
                },
                {
                    "type": "minecraft:item",
                    "weight": 60,
                    "name": "minecraft:iron_pickaxe",
                    "functions": [
                        {
                            "function": "minecraft:set_damage",
                            "damage": {
                                "min": 0.2,
                                "max": 0.9
                            }
                        },
                        {
                            "function": "minecraft:enchant_with_levels",
                            "levels": {
                                "min": 1,
                                "max": 30
                            },
                            "treasure": true,
                            "conditions": [
                                {
                                    "condition": "minecraft:random_chance",
                                    "chance": 0.4
                                }
                            ]
                        }
                    ]
                },
                {
                    "type": "minecraft:item",
                    "weight": 60,
                    "name": "minecraft:iron_shovel",
                    "functions": [
                        {
                            "function": "minecraft:set_damage",
                            "damage": {
                                "min": 0.2,
                                "max": 0.9
                            }
                        },
                        {
                            "function": "minecraft:enchant_with_levels",
                            "levels": {
                                "min": 1,
                                "max": 30
                            },
                            "treasure": true,
                            "conditions": [
                                {
                                    "condition": "minecraft:random_chance",
                                    "chance": 0.4
                                }
                            ]
                        }
                    ]
                },
                {
                    "type": "minecraft:item",
                    "weight": 60,
                    "name": "minecraft:iron_axe",
                    "functions": [
                        {
                            "function": "minecraft:set_damage",
                            "damage": {
                                "min": 0.2,
                                "max": 0.9
                            }
                        },
                        {
                            "function": "minecraft:enchant_with_levels",
                            "levels": {
                                "min": 1,
                                "max": 30
                            },
                            "treasure": true,
                            "conditions": [
                                {
                                    "condition": "minecraft:random_chance",
                                    "chance": 0.4
                                }
                            ]
                        }
                    ]
                },
                {
                    "type": "minecraft:item",
                    "weight": 60,
                    "name": "minecraft:golden_apple"
                },
                {
                    "type": "minecraft:item",
                    "weight": 5,
                    "name": "minecraft:enchanted_golden_apple"
                },
                {
                    "type": "minecraft:item",
                    "weight": 15,
                    "name": "minecraft:ender_eye"
                },
                {
                    "type": "minecraft:item",
                    "weight": 5,
                    "name": "minecraft:enchanting_table"
                },
                {
                    "type": "minecraft:loot_table",
                    "weight": 40,
                    "name": "structory_towers:potions/heroism"
                },
                {
                    "type": "minecraft:item",
                    "weight": 5,
                    "name": "minecraft:music_disc_mellohi"
                },
                {
                    "type": "minecraft:item",
                    "weight": 20,
                    "name": "minecraft:vex_armor_trim_smithing_template",
                    "functions": [
                        {
                            "function": "minecraft:set_count",
                            "count": {
                                "min": 1,
                                "max": 2
                            }
                        }
                    ]
                }
            ]
        },
        {
            "rolls": {
                "min": 2,
                "max": 3
            },
            "bonus_rolls": 0,
            "entries": [
                {
                    "type": "minecraft:loot_table",
                    "weight": 100,
                    "name": "structory_towers:potions"
                },
                {
                    "type": "minecraft:item",
                    "weight": 100,
                    "name": "minecraft:book",
                    "functions": [
                        {
                            "function": "minecraft:enchant_with_levels",
                            "levels": {
                                "min": 1,
                                "max": 100
                            },
                            "treasure": true
                        }
                    ]
                },
                {
                    "type": "minecraft:item",
                    "weight": 60,
                    "name": "minecraft:diamond",
                    "functions": [
                        {
                            "function": "minecraft:set_count",
                            "count": {
                                "min": 1,
                                "max": 3
                            }
                        }
                    ]
                },
                {
                    "type": "minecraft:item",
                    "weight": 40,
                    "name": "minecraft:grindstone"
                },
                {
                    "type": "minecraft:item",
                    "weight": 60,
                    "name": "minecraft:amethyst_cluster",
                    "functions": [
                        {
                            "function": "minecraft:set_count",
                            "count": {
                                "min": 1,
                                "max": 3
                            }
                        }
                    ]
                },
                {
                    "type": "minecraft:item",
                    "weight": 60,
                    "name": "minecraft:iron_block"
                },
                {
                    "type": "minecraft:item",
                    "weight": 60,
                    "name": "minecraft:jack_o_lantern"
                },
                {
                    "type": "minecraft:item",
                    "weight": 100,
                    "name": "minecraft:glow_berries",
                    "functions": [
                        {
                            "function": "minecraft:set_count",
                            "count": {
                                "min": 6,
                                "max": 14
                            }
                        }
                    ]
                },
                {
                    "type": "minecraft:item",
                    "weight": 60,
                    "name": "minecraft:fermented_spider_eye",
                    "functions": [
                        {
                            "function": "minecraft:set_count",
                            "count": {
                                "min": 1,
                                "max": 2
                            }
                        }
                    ]
                },
                {
                    "type": "minecraft:item",
                    "weight": 60,
                    "name": "minecraft:slime_ball",
                    "functions": [
                        {
                            "function": "minecraft:set_count",
                            "count": {
                                "min": 1,
                                "max": 9
                            }
                        }
                    ]
                }
            ]
        },
        {
            "rolls": 1,
            "entries": [
                {
                    "type": "minecraft:loot_table",
                    "name": "structory_towers:basic/wizard_basic"
                }
            ]
        }
    ]
}