{
  "condition": "minecraft:any_of",
  "terms": [
    {
      "condition": "minecraft:entity_properties",
      "entity": "this",
      "predicate": {
        "nbt": "{Tags:[\"refresh_entity_show_info\"]}"
      }
    },
    {
      "condition": "minecraft:entity_properties",
      "entity": "this",
      "predicate": {
        "nbt": "{Tags:[\"refresh_entity_show_health\"]}"
      }
    },
    {
      "condition": "minecraft:inverted",
      "term": {
        "condition": "minecraft:any_of",
        "terms": [
          {
            "condition": "minecraft:entity_properties",
            "entity": "this",
            "predicate": {
              "nbt": "{Tags:[\"refresh_entity_misc\"]}"
            }
          },
          {
            "condition": "minecraft:entity_properties",
            "entity": "this",
            "predicate": {
              "type": "#vanilla_refresh:misc_spyglass"
            }
          }
        ]
      }
    }
  ]
}
