{
	"name": "nova_structures:trident_trial_monument/bridge",
	"fallback": "minecraft:empty",
	"elements": [
		{
			"weight": 1,
			"element": {
				"element_type": "minecraft:single_pool_element",
				"location": "nova_structures:trident_trials_monument/bridge/trident_trials_monument_bridge_fake",
				"projection": "rigid",
				"processors": "minecraft:empty"
			}
		},
		{
			"weight": 1,
			"element": {
				"element_type": "minecraft:single_pool_element",
				"location": "nova_structures:trident_trials_monument/bridge/trident_trials_monument_bridge_long",
				"projection": "rigid",
				"processors": "minecraft:empty"
			}
		},
		{
			"weight": 1,
			"element": {
				"element_type": "minecraft:single_pool_element",
				"location": "nova_structures:trident_trials_monument/bridge/trident_trials_monument_small_bridge",
				"projection": "rigid",
				"processors": "minecraft:empty"
			}
		},
		{
			"weight": 1,
			"element": {
				"element_type": "minecraft:single_pool_element",
				"location": "nova_structures:trident_trials_monument/bridge/trident_trials_monument_small_bridge_entry",
				"projection": "rigid",
				"processors": "minecraft:empty"
			}
		}
	]
}
