{
	"name": "nova_structures:trident_trial_monument/mob",
	"fallback": "minecraft:empty",
	"elements": [
		{
			"weight": 1,
			"element": {
				"element_type": "minecraft:single_pool_element",
				"location": "nova_structures:trident_trials_monument/mob/elder_guardian",
				"projection": "rigid",
				"processors": "minecraft:empty"
			}
		},
		{
			"weight": 1,
			"element": {
				"element_type": "minecraft:single_pool_element",
				"location": "nova_structures:trident_trials_monument/mob/elder_guardian_big",
				"projection": "rigid",
				"processors": "minecraft:empty"
			}
		}
	]
}
