{
	"name": "nova_structures:trident_trial_monument/bridge",
	"fallback": "minecraft:empty",
	"elements": [
		{
			"weight": 1,
			"element": {
				"element_type": "minecraft:single_pool_element",
				"location": "nova_structures:trident_trials_monument/small_monument/trident_trials_monument_corner",
				"projection": "rigid",
				"processors": "minecraft:empty"
			}
		},
		{
			"weight": 1,
			"element": {
				"element_type": "minecraft:single_pool_element",
				"location": "nova_structures:trident_trials_monument/small_monument/trident_trials_monument_t-corner",
				"projection": "rigid",
				"processors": "minecraft:empty"
			}
		},
		{
			"weight": 1,
			"element": {
				"element_type": "minecraft:single_pool_element",
				"location": "nova_structures:trident_trials_monument/small_monument/trident_trials_monument_small_entry",
				"projection": "rigid",
				"processors": "minecraft:empty"
			}
		}
	]
}
