{
	"name": "nova_structures:trident_monument/spawner",
	"fallback": "nova_structures:trident_monument/spawner",
	"elements": [
		{
			"weight": 1,
			"element": {
				"element_type": "minecraft:single_pool_element",
				"location": "nova_structures:trident_trials_monument/spawner/ttm_spawner_boss",
				"projection": "rigid",
				"processors": "minecraft:empty"
			}
		},
		{
			"weight": 1,
			"element": {
				"element_type": "minecraft:single_pool_element",
				"location": "nova_structures:trident_trials_monument/spawner/ttm_spawner_corner_monument",
				"projection": "rigid",
				"processors": "minecraft:empty"
			}
		},
		{
			"weight": 1,
			"element": {
				"element_type": "minecraft:single_pool_element",
				"location": "nova_structures:trident_trials_monument/spawner/ttm_spawner_drowned",
				"projection": "rigid",
				"processors": "minecraft:empty"
			}
		},
		{
			"weight": 1,
			"element": {
				"element_type": "minecraft:single_pool_element",
				"location": "nova_structures:trident_trials_monument/spawner/ttm_spawner_drowned_swarm",
				"projection": "rigid",
				"processors": "minecraft:empty"
			}
		},
		{
			"weight": 1,
			"element": {
				"element_type": "minecraft:single_pool_element",
				"location": "nova_structures:trident_trials_monument/spawner/ttm_spawner_guardian",
				"projection": "rigid",
				"processors": "minecraft:empty"
			}
		}
	]
}
