{
	"name": "nova_structures:trident_monument/vault",
	"fallback": "nova_structures:trident_monument/vault",
	"elements": [
		{
			"weight": 1,
			"element": {
				"element_type": "minecraft:single_pool_element",
				"location": "nova_structures:trident_trials_monument/vault/ttm_vault_generic",
				"projection": "rigid",
				"processors": "minecraft:empty"
			}
		},
		{
			"weight": 2,
			"element": {
				"element_type": "minecraft:single_pool_element",
				"location": "nova_structures:trident_trials_monument/vault/ttm_vault_generic_fail",
				"projection": "rigid",
				"processors": "minecraft:empty"
			}
		},
		{
			"weight": 1,
			"element": {
				"element_type": "minecraft:single_pool_element",
				"location": "nova_structures:trident_trials_monument/vault/ttm_vault_heart",
				"projection": "rigid",
				"processors": "minecraft:empty"
			}
		},
		{
			"weight": 1,
			"element": {
				"element_type": "minecraft:single_pool_element",
				"location": "nova_structures:trident_trials_monument/vault/ttm_vault_trident",
				"projection": "rigid",
				"processors": "minecraft:empty"
			}
		}
	]
}
