{
	"name": "nova_structures:trident_trial_monument/small/room_parts",
	"fallback": "minecraft:empty",
	"elements": [
		{
			"weight": 7,
			"element": {
				"element_type": "minecraft:single_pool_element",
				"location": "nova_structures:trident_trials_monument/small_monument/room_parts/small_monument_roof_corner1",
				"projection": "rigid",
				"processors": "minecraft:empty"
			}
		},
		{
			"weight": 6,
			"element": {
				"element_type": "minecraft:single_pool_element",
				"location": "nova_structures:trident_trials_monument/small_monument/room_parts/small_monument_roof_corner2",
				"projection": "rigid",
				"processors": "minecraft:empty"
			}
		},
		{
			"weight": 5,
			"element": {
				"element_type": "minecraft:single_pool_element",
				"location": "nova_structures:trident_trials_monument/small_monument/room_parts/small_monument_roof_corner3",
				"projection": "rigid",
				"processors": "minecraft:empty"
			}
		},
		{
			"weight": 4,
			"element": {
				"element_type": "minecraft:single_pool_element",
				"location": "nova_structures:trident_trials_monument/small_monument/room_parts/small_monument_roof_corner4",
				"projection": "rigid",
				"processors": "minecraft:empty"
			}
		},
		{
			"weight": 3,
			"element": {
				"element_type": "minecraft:single_pool_element",
				"location": "nova_structures:trident_trials_monument/small_monument/room_parts/small_monument_roof_corner5",
				"projection": "rigid",
				"processors": "minecraft:empty"
			}
		},
		{
			"weight": 2,
			"element": {
				"element_type": "minecraft:single_pool_element",
				"location": "nova_structures:trident_trials_monument/small_monument/room_parts/small_monument_roof_corner6",
				"projection": "rigid",
				"processors": "minecraft:empty"
			}
		},
		{
			"weight": 1,
			"element": {
				"element_type": "minecraft:single_pool_element",
				"location": "nova_structures:trident_trials_monument/small_monument/room_parts/small_monument_roof_corner7",
				"projection": "rigid",
				"processors": "minecraft:empty"
			}
		},
		{
			"weight": 7,
			"element": {
				"element_type": "minecraft:single_pool_element",
				"location": "nova_structures:trident_trials_monument/small_monument/room_parts/small_monument_roof_wall1",
				"projection": "rigid",
				"processors": "minecraft:empty"
			}
		},
		{
			"weight": 6,
			"element": {
				"element_type": "minecraft:single_pool_element",
				"location": "nova_structures:trident_trials_monument/small_monument/room_parts/small_monument_roof_wall2",
				"projection": "rigid",
				"processors": "minecraft:empty"
			}
		},
		{
			"weight": 5,
			"element": {
				"element_type": "minecraft:single_pool_element",
				"location": "nova_structures:trident_trials_monument/small_monument/room_parts/small_monument_roof_wall3",
				"projection": "rigid",
				"processors": "minecraft:empty"
			}
		},
		{
			"weight": 4,
			"element": {
				"element_type": "minecraft:single_pool_element",
				"location": "nova_structures:trident_trials_monument/small_monument/room_parts/small_monument_oof_wall4",
				"projection": "rigid",
				"processors": "minecraft:empty"
			}
		},
		{
			"weight": 3,
			"element": {
				"element_type": "minecraft:single_pool_element",
				"location": "nova_structures:trident_trials_monument/small_monument/room_parts/small_monument_roof_wall5",
				"projection": "rigid",
				"processors": "minecraft:empty"
			}
		},
		{
			"weight": 2,
			"element": {
				"element_type": "minecraft:single_pool_element",
				"location": "nova_structures:trident_trials_monument/small_monument/room_parts/small_monument_roof_wall6",
				"projection": "rigid",
				"processors": "minecraft:empty"
			}
		},
		{
			"weight": 1,
			"element": {
				"element_type": "minecraft:single_pool_element",
				"location": "nova_structures:trident_trials_monument/small_monument/room_parts/small_monument_roof_wall7",
				"projection": "rigid",
				"processors": "minecraft:empty"
			}
		},
		{
			"weight": 4,
			"element": {
				"element_type": "minecraft:single_pool_element",
				"location": "nova_structures:trident_trials_monument/small_monument/room_parts/small_monument_trial_bubble_vent_big1",
				"projection": "rigid",
				"processors": "minecraft:empty"
			}
		},
		{
			"weight": 3,
			"element": {
				"element_type": "minecraft:single_pool_element",
				"location": "nova_structures:trident_trials_monument/small_monument/room_parts/small_monument_trial_bubble_vent_big2",
				"projection": "rigid",
				"processors": "minecraft:empty"
			}
		},
		{
			"weight": 2,
			"element": {
				"element_type": "minecraft:single_pool_element",
				"location": "nova_structures:trident_trials_monument/small_monument/room_parts/small_monument_trial_bubble_vent_big3",
				"projection": "rigid",
				"processors": "minecraft:empty"
			}
		},
		{
			"weight": 1,
			"element": {
				"element_type": "minecraft:single_pool_element",
				"location": "nova_structures:trident_trials_monument/small_monument/room_parts/small_monument_trial_bubble_vent_big4",
				"projection": "rigid",
				"processors": "minecraft:empty"
			}
		},
		{
			"weight": 16,
			"element": {
				"element_type": "minecraft:single_pool_element",
				"location": "nova_structures:trident_trials_monument/small_monument/room_parts/small_monument_trial_bubble_vent0",
				"projection": "rigid",
				"processors": "minecraft:empty"
			}
		},
		{
			"weight": 4,
			"element": {
				"element_type": "minecraft:single_pool_element",
				"location": "nova_structures:trident_trials_monument/small_monument/room_parts/small_monument_trial_bubble_vent1",
				"projection": "rigid",
				"processors": "minecraft:empty"
			}
		},
		{
			"weight": 3,
			"element": {
				"element_type": "minecraft:single_pool_element",
				"location": "nova_structures:trident_trials_monument/small_monument/room_parts/small_monument_trial_bubble_vent2",
				"projection": "rigid",
				"processors": "minecraft:empty"
			}
		},
		{
			"weight": 2,
			"element": {
				"element_type": "minecraft:single_pool_element",
				"location": "nova_structures:trident_trials_monument/small_monument/room_parts/small_monument_trial_bubble_vent3",
				"projection": "rigid",
				"processors": "minecraft:empty"
			}
		},
		{
			"weight": 1,
			"element": {
				"element_type": "minecraft:single_pool_element",
				"location": "nova_structures:trident_trials_monument/small_monument/room_parts/small_monument_trial_bubble_vent4",
				"projection": "rigid",
				"processors": "minecraft:empty"
			}
		},
		{
			"weight": 4,
			"element": {
				"element_type": "minecraft:single_pool_element",
				"location": "nova_structures:trident_trials_monument/small_monument/room_parts/small_monument_trial_magma_vent1",
				"projection": "rigid",
				"processors": "minecraft:empty"
			}
		},
		{
			"weight": 3,
			"element": {
				"element_type": "minecraft:single_pool_element",
				"location": "nova_structures:trident_trials_monument/small_monument/room_parts/small_monument_trial_magma_vent2",
				"projection": "rigid",
				"processors": "minecraft:empty"
			}
		},
		{
			"weight": 2,
			"element": {
				"element_type": "minecraft:single_pool_element",
				"location": "nova_structures:trident_trials_monument/small_monument/room_parts/small_monument_trial_magma_vent3",
				"projection": "rigid",
				"processors": "minecraft:empty"
			}
		},
		{
			"weight": 1,
			"element": {
				"element_type": "minecraft:single_pool_element",
				"location": "nova_structures:trident_trials_monument/small_monument/room_parts/small_monument_trial_magma_vent4",
				"projection": "rigid",
				"processors": "minecraft:empty"
			}
		},
		{
			"weight": 4,
			"element": {
				"element_type": "minecraft:single_pool_element",
				"location": "nova_structures:trident_trials_monument/small_monument/room_parts/small_monument_trial_magma_vent_big1",
				"projection": "rigid",
				"processors": "minecraft:empty"
			}
		},
		{
			"weight": 3,
			"element": {
				"element_type": "minecraft:single_pool_element",
				"location": "nova_structures:trident_trials_monument/small_monument/room_parts/small_monument_trial_magma_vent_big2",
				"projection": "rigid",
				"processors": "minecraft:empty"
			}
		},
		{
			"weight": 2,
			"element": {
				"element_type": "minecraft:single_pool_element",
				"location": "nova_structures:trident_trials_monument/small_monument/room_parts/small_monument_trial_magma_vent_big3",
				"projection": "rigid",
				"processors": "minecraft:empty"
			}
		},
		{
			"weight": 1,
			"element": {
				"element_type": "minecraft:single_pool_element",
				"location": "nova_structures:trident_trials_monument/small_monument/room_parts/small_monument_trial_magma_vent_big4",
				"projection": "rigid",
				"processors": "minecraft:empty"
			}
		},
		{
			"weight": 7,
			"element": {
				"element_type": "minecraft:single_pool_element",
				"location": "nova_structures:trident_trials_monument/small_monument/room_parts/small_monument_trial_floor_wall1",
				"projection": "rigid",
				"processors": "minecraft:empty"
			}
		},
		{
			"weight": 6,
			"element": {
				"element_type": "minecraft:single_pool_element",
				"location": "nova_structures:trident_trials_monument/small_monument/room_parts/small_monument_trial_floor_wall2",
				"projection": "rigid",
				"processors": "minecraft:empty"
			}
		},
		{
			"weight": 5,
			"element": {
				"element_type": "minecraft:single_pool_element",
				"location": "nova_structures:trident_trials_monument/small_monument/room_parts/small_monument_trial_floor_wall3",
				"projection": "rigid",
				"processors": "minecraft:empty"
			}
		},
		{
			"weight": 4,
			"element": {
				"element_type": "minecraft:single_pool_element",
				"location": "nova_structures:trident_trials_monument/small_monument/room_parts/small_monument_trial_floor_wall4",
				"projection": "rigid",
				"processors": "minecraft:empty"
			}
		},
		{
			"weight": 3,
			"element": {
				"element_type": "minecraft:single_pool_element",
				"location": "nova_structures:trident_trials_monument/small_monument/room_parts/small_monument_trial_floor_wall5",
				"projection": "rigid",
				"processors": "minecraft:empty"
			}
		},
		{
			"weight": 2,
			"element": {
				"element_type": "minecraft:single_pool_element",
				"location": "nova_structures:trident_trials_monument/small_monument/room_parts/small_monument_trial_floor_wall6",
				"projection": "rigid",
				"processors": "minecraft:empty"
			}
		},
		{
			"weight": 1,
			"element": {
				"element_type": "minecraft:single_pool_element",
				"location": "nova_structures:trident_trials_monument/small_monument/room_parts/small_monument_trial_floor_wall7",
				"projection": "rigid",
				"processors": "minecraft:empty"
			}
		},
		{
			"weight": 1,
			"element": {
				"element_type": "minecraft:single_pool_element",
				"location": "nova_structures:trident_trials_monument/small_monument/room_parts/small_monument_trial_spawner1",
				"projection": "rigid",
				"processors": "minecraft:empty"
			}
		},
		{
			"weight": 1,
			"element": {
				"element_type": "minecraft:single_pool_element",
				"location": "nova_structures:trident_trials_monument/small_monument/room_parts/small_monument_trial_spawner2",
				"projection": "rigid",
				"processors": "minecraft:empty"
			}
		},
		{
			"weight": 1,
			"element": {
				"element_type": "minecraft:single_pool_element",
				"location": "nova_structures:trident_trials_monument/small_monument/room_parts/small_monument_trial_spawner3",
				"projection": "rigid",
				"processors": "minecraft:empty"
			}
		},
		{
			"weight": 1,
			"element": {
				"element_type": "minecraft:single_pool_element",
				"location": "nova_structures:trident_trials_monument/small_monument/room_parts/small_monument_trial_spawner4",
				"projection": "rigid",
				"processors": "minecraft:empty"
			}
		},
		{
			"weight": 1,
			"element": {
				"element_type": "minecraft:single_pool_element",
				"location": "nova_structures:trident_trials_monument/small_monument/room_parts/small_monument_trial_spawner5",
				"projection": "rigid",
				"processors": "minecraft:empty"
			}
		},
		{
			"weight": 1,
			"element": {
				"element_type": "minecraft:single_pool_element",
				"location": "nova_structures:trident_trials_monument/small_monument/room_parts/small_monument_trial_spawner6",
				"projection": "rigid",
				"processors": "minecraft:empty"
			}
		},
		{
			"weight": 1,
			"element": {
				"element_type": "minecraft:single_pool_element",
				"location": "nova_structures:trident_trials_monument/small_monument/room_parts/small_monument_trial_stairs1",
				"projection": "rigid",
				"processors": "minecraft:empty"
			}
		},
		{
			"weight": 1,
			"element": {
				"element_type": "minecraft:single_pool_element",
				"location": "nova_structures:trident_trials_monument/small_monument/room_parts/small_monument_trial_stairs2",
				"projection": "rigid",
				"processors": "minecraft:empty"
			}
		},
		{
			"weight": 1,
			"element": {
				"element_type": "minecraft:single_pool_element",
				"location": "nova_structures:trident_trials_monument/small_monument/room_parts/small_monument_trial_stairs3",
				"projection": "rigid",
				"processors": "minecraft:empty"
			}
		},
		{
			"weight": 1,
			"element": {
				"element_type": "minecraft:single_pool_element",
				"location": "nova_structures:trident_trials_monument/small_monument/room_parts/small_monument_trial_stairs4",
				"projection": "rigid",
				"processors": "minecraft:empty"
			}
		},
		{
			"weight": 1,
			"element": {
				"element_type": "minecraft:single_pool_element",
				"location": "nova_structures:trident_trials_monument/small_monument/room_parts/small_monument_trial_stairs5",
				"projection": "rigid",
				"processors": "minecraft:empty"
			}
		},
		{
			"weight": 1,
			"element": {
				"element_type": "minecraft:single_pool_element",
				"location": "nova_structures:trident_trials_monument/small_monument/room_parts/small_monument_trial_stairs6",
				"projection": "rigid",
				"processors": "minecraft:empty"
			}
		},
		{
			"weight": 1,
			"element": {
				"element_type": "minecraft:single_pool_element",
				"location": "nova_structures:trident_trials_monument/small_monument/room_parts/small_monument_trial_stairs6",
				"projection": "rigid",
				"processors": "minecraft:empty"
			}
		},
		{
			"weight": 1,
			"element": {
				"element_type": "minecraft:single_pool_element",
				"location": "nova_structures:trident_trials_monument/small_monument/room_parts/small_monument_trial_stairs7",
				"projection": "rigid",
				"processors": "minecraft:empty"
			}
		},
		{
			"weight": 1,
			"element": {
				"element_type": "minecraft:single_pool_element",
				"location": "nova_structures:trident_trials_monument/small_monument/room_parts/small_monument_trial_stairs8",
				"projection": "rigid",
				"processors": "minecraft:empty"
			}
		},
		{
			"weight": 1,
			"element": {
				"element_type": "minecraft:single_pool_element",
				"location": "nova_structures:trident_trials_monument/small_monument/room_parts/small_monument_trial_stairs9",
				"projection": "rigid",
				"processors": "minecraft:empty"
			}
		},
		{
			"weight": 1,
			"element": {
				"element_type": "minecraft:single_pool_element",
				"location": "nova_structures:trident_trials_monument/small_monument/room_parts/small_monument_trial_stairs10",
				"projection": "rigid",
				"processors": "minecraft:empty"
			}
		}
	]
}
