{
    "name": "custom_villages:custom_villages/animals",
    "fallback": "minecraft:empty",
    "elements": [
      {
        "weight": 7,
        "element": {
          "location": "custom_villages:animals/pig",
          "processors": "minecraft:empty",
          "projection": "rigid",
          "element_type": "minecraft:legacy_single_pool_element"
        }
      },
      {
        "weight": 7,
        "element": {
          "location": "custom_villages:animals/cow",
          "processors": "minecraft:empty",
          "projection": "rigid",
          "element_type": "minecraft:legacy_single_pool_element"
        }
      },
      {
        "weight": 7,
        "element": {
          "location": "custom_villages:animals/chicken",
          "processors": "minecraft:empty",
          "projection": "rigid",
          "element_type": "minecraft:legacy_single_pool_element"
        }
      },
      {
        "weight": 7,
        "element": {
          "location": "custom_villages:animals/sheep",
          "processors": "minecraft:empty",
          "projection": "rigid",
          "element_type": "minecraft:legacy_single_pool_element"
        }
      },
      {
        "weight": 1,
        "element": {
          "location": "custom_villages:animals/horse_1",
          "processors": "minecraft:empty",
          "projection": "rigid",
          "element_type": "minecraft:legacy_single_pool_element"
        }
      },
      {
        "weight": 1,
        "element": {
          "location": "custom_villages:animals/horse_2",
          "processors": "minecraft:empty",
          "projection": "rigid",
          "element_type": "minecraft:legacy_single_pool_element"
        }
      },
      {
        "weight": 1,
        "element": {
          "location": "custom_villages:animals/horse_3",
          "processors": "minecraft:empty",
          "projection": "rigid",
          "element_type": "minecraft:legacy_single_pool_element"
        }
      },
      {
        "weight": 1,
        "element": {
          "location": "custom_villages:animals/horse_4",
          "processors": "minecraft:empty",
          "projection": "rigid",
          "element_type": "minecraft:legacy_single_pool_element"
        }
      },
      {
        "weight": 1,
        "element": {
          "location": "custom_villages:animals/horse_5",
          "processors": "minecraft:empty",
          "projection": "rigid",
          "element_type": "minecraft:legacy_single_pool_element"
        }
      },
      {
        "weight": 5,
        "element": {
          "element_type": "minecraft:empty_pool_element"
        }
      }
    ]
}