{
  "type": "minecraft:jigsaw",
  "biomes": "#zhopo:has_structure/piglin_ruin",
  "step": "surface_structures",
  "spawn_overrides": {
    "monster": {
      "bounding_box": "full",
      "spawns": []
    }
  },
  "terrain_adaptation": "beard_box",
  "start_pool": "hopo:piglin_ruin",
  "size": 3,
  "start_height": {
    "type": "minecraft:uniform",
    "min_inclusive": {
      "absolute": 37
    },
    "max_inclusive": {
      "absolute": 60
    }
  },
  "max_distance_from_center": 88,
  "use_expansion_hack": false
}
