{
	"display": {
		"icon": {
			"item": "minecraft:emerald",
			"nbt": "{Enchantments:[{}]}"
		},
		"title": {
			"translate": "stellarity.advancements.find_end_village",
			"fallback": "Stranded in The Sea of Eternity"
		},
		"description": {
			"translate": "stellarity.advancements.find_end_village.description",
			"fallback": "Find a Village in the middle of nowhere"
		},
		"frame": "task",
		"show_toast": true,
		"announce_to_chat": true,
		"hidden": false
	},
	"parent": "minecraft:end/enter_end_gateway",
	"criteria": {
		"find_a_town_in_a_complete_shithole": {
			"trigger": "minecraft:location",
			"conditions": {
				"player": {
					"location": {
						"structure": "stellarity:village"
					}
				}
			}
		}
	}
}
