{
	"values":[
		"minecraft:air",
		"minecraft:cave_air",
		"minecraft:void_air",
		
		"minecraft:wheat",
		"minecraft:beetroots",
		"minecraft:carrots",
		"minecraft:potatoes",
		"minecraft:melon_stem",
		"minecraft:pumpkin_stem",
		"#minecraft:flowers",
		{"id": "minecraft:grass","required":false},
		{"id": "minecraft:short_grass","required":false},
		"minecraft:fern",
		"minecraft:dead_bush",
		"minecraft:brown_mushroom",
		"minecraft:red_mushroom",
		"minecraft:cactus",
		"minecraft:vine",
		"minecraft:lily_pad",
		"minecraft:tall_grass",
		"minecraft:seagrass",
		"minecraft:kelp",
		"kelp_plant",
		"tall_seagrass",
		"minecraft:large_fern",
		"minecraft:bamboo",
		"minecraft:chorus_flower",
		"minecraft:chorus_plant",
		"minecraft:crimson_fungus",
		"minecraft:warped_fungus",
		"minecraft:crimson_roots",
		"minecraft:warped_roots",
		"minecraft:nether_sprouts",
		"minecraft:weeping_vines",
		"minecraft:weeping_vines_plant",
		"minecraft:twisting_vines",
		"minecraft:twisting_vines_plant",
		"minecraft:azalea",
		"minecraft:flowering_azalea",
		"minecraft:big_dripleaf",
		"minecraft:small_dripleaf",
		"minecraft:hanging_roots",

		"#minecraft:fence_gates",
		
		"#kohara:liquids",

		"#minecraft:banners",
		"#minecraft:rails",
		"#minecraft:anvil",
		"#minecraft:saplings",
		"#minecraft:buttons",
		"#minecraft:slabs",
		"#minecraft:doors",
		"#minecraft:wool_carpets",
		"#minecraft:fences",
		"#minecraft:campfires",
		"#minecraft:beds",
		"#minecraft:trapdoors",
		"#minecraft:candles",
		"#minecraft:walls",
		
		"minecraft:chorus_plant",
		"minecraft:chorus_flower",
		"minecraft:dirt_path",
		"minecraft:farmland",
		"minecraft:chest",
		"minecraft:trapped_chest",
		"minecraft:ender_chest",
		"minecraft:end_portal_frame",
		"minecraft:enchanting_table",
		"minecraft:hopper",
		"minecraft:end_rod",
		"minecraft:iron_bars",
		"minecraft:snow",
		"minecraft:ladder",
		"minecraft:daylight_detector",
		"minecraft:tripwire_hook",
		"minecraft:lever",
		"minecraft:repeater",
		"minecraft:comparator",
		"minecraft:redstone_wire",
		"minecraft:bell",
		"minecraft:lantern",
		"minecraft:soul_lantern",
		"minecraft:grindstone",
		"minecraft:stonecutter",
		"minecraft:cobweb",
		"minecraft:piston_head",
		"minecraft:small_amethyst_bud",
		"minecraft:medium_amethyst_bud",
		"minecraft:large_amethyst_bud",
		"minecraft:amethyst_cluster",
		"minecraft:lightning_rod",
		"minecraft:pointed_dripstone",
		"minecraft:bamboo_sapling",

		"fire_coral",
		"brain_coral",
		"bubble_coral",
		"horn_coral",
		"tube_coral",
		"fire_coral_fan",
		"brain_coral_fan",
		"bubble_coral_fan",
		"horn_coral_fan",
		"tube_coral_fan",
		"dead_fire_coral",
		"dead_brain_coral",
		"dead_bubble_coral",
		"dead_horn_coral",
		"dead_tube_coral",
		"dead_fire_coral_fan",
		"dead_brain_coral_fan",
		"dead_bubble_coral_fan",
		"dead_horn_coral_fan",
		"dead_tube_coral_fan",

		"torch",
		"soul_torch",

		"sculk_sensor",
		"sculk_shrieker",
		"sculk_vein",

		"player_head",
		"creeper_head",
		"skeleton_skull",
		"wither_skeleton_skull",
		"dragon_head",
		"zombie_head",

		"#minecraft:all_signs"
	]
}
