{
	"parent": "stellarity:events/root",
	"criteria": {
		"click": {
			"trigger": "minecraft:player_hurt_entity",
			"conditions": {
				"player": [
					{
						"condition": "minecraft:reference",
						"name": "stellarity:items/holding/spirit_dagger/any"
					}
				],
				"damage": {
					"dealt": {
						"min": 3
					},
					"blocked": false,
					"source_entity": {
						"distance": {
							"absolute": {
								"max": 70
							}
						}
					}
				}
			}
		}
	},
	"rewards": {
		"function": "stellarity:items/spirit_dagger/attack"
	}
}
