{
	"name": "minecraft:nether_fortress/nether_fortress_bridge",	
  "elements": [
    {
      "element": {
        "element_type": "minecraft:single_pool_element",
        "location": "minecraft:nether_fortress/bridge/nether_fortress_bridge_cross",
        "processors": "minecraft:nether_fortress_generic_degradation_bridge",
        "projection": "rigid"
      },
      "weight": 20
    },
	{
      "element": {
        "element_type": "minecraft:single_pool_element",
        "location": "minecraft:nether_fortress/bridge/nether_fortress_bridge_roofed",
        "processors": "minecraft:nether_fortress_generic_degradation_bridge",
        "projection": "rigid"
      },
      "weight": 2
    },
	{
      "element": {
        "element_type": "minecraft:single_pool_element",
        "location": "minecraft:nether_fortress/bridge/nether_fortress_bridge_arena_roofed",
        "processors": "minecraft:nether_fortress_generic_degradation_bridge",
        "projection": "rigid"
      },
      "weight": 2
    },
	{
      "element": {
        "element_type": "minecraft:single_pool_element",
        "location": "minecraft:nether_fortress/bridge/nether_fortress_bridge_cross_lantern",
        "processors": "minecraft:nether_fortress_generic_degradation_bridge",
        "projection": "rigid"
      },
      "weight": 2
    },
	{
      "element": {
        "element_type": "minecraft:single_pool_element",
        "location": "minecraft:nether_fortress/bridge/nether_fortress_bridge_curve",
        "processors": "minecraft:nether_fortress_generic_degradation_bridge",
        "projection": "rigid"
      },
      "weight": 3
    },
	{
      "element": {
        "element_type": "minecraft:single_pool_element",
        "location": "minecraft:nether_fortress/bridge/nether_fortress_bridge_curve_lantern",
        "processors": "minecraft:nether_fortress_generic_degradation_bridge",
        "projection": "rigid"
      },
      "weight": 3
    },
	{
      "element": {
        "element_type": "minecraft:single_pool_element",
        "location": "minecraft:nether_fortress/bridge/nether_fortress_bridge_curve_spawner_1",
        "processors": "minecraft:nether_fortress_generic_degradation_bridge",
        "projection": "rigid"
      },
      "weight": 1
    },
	{
      "element": {
        "element_type": "minecraft:single_pool_element",
        "location": "minecraft:nether_fortress/bridge/nether_fortress_bridge_curve_spawner_1",
        "processors": "minecraft:nether_fortress_generic_degradation_bridge",
        "projection": "rigid"
      },
      "weight": 1
    },
	{
      "element": {
        "element_type": "minecraft:single_pool_element",
        "location": "minecraft:nether_fortress/bridge/nether_fortress_bridge_t",
        "processors": "minecraft:nether_fortress_generic_degradation_bridge",
        "projection": "rigid"
      },
      "weight": 6
    },
	{
      "element": {
        "element_type": "minecraft:single_pool_element",
        "location": "minecraft:nether_fortress/bridge/nether_fortress_bridge_t_lantern",
        "processors": "minecraft:nether_fortress_generic_degradation_bridge",
        "projection": "rigid"
      },
      "weight": 6
    },
	{
      "element": {
        "element_type": "minecraft:single_pool_element",
        "location": "minecraft:nether_fortress/bridge/nether_fortress_bridge_t_spawner",
        "processors": "minecraft:nether_fortress_generic_degradation_bridge",
        "projection": "rigid"
      },
      "weight": 3
    },
	{
      "element": {
        "element_type": "minecraft:single_pool_element",
        "location": "minecraft:nether_fortress/bridge/nether_fortress_bridge_upward_left",
        "processors": "minecraft:nether_fortress_generic_degradation_bridge",
        "projection": "rigid"
      },
      "weight": 10
    },
	{
      "element": {
        "element_type": "minecraft:single_pool_element",
        "location": "minecraft:nether_fortress/bridge/nether_fortress_bridge_upward_right",
        "processors": "minecraft:nether_fortress_generic_degradation_bridge",
        "projection": "rigid"
      },
      "weight": 10
    },
	{
      "element": {
        "element_type": "minecraft:single_pool_element",
        "location": "minecraft:nether_fortress/bridge_tower/nether_fortress_bridge_tower_entry",
        "processors": "minecraft:nether_fortress_generic_degradation",
        "projection": "rigid"
      },
      "weight": 8
    }
  ],
  "fallback": "minecraft:nether_fortress/fortress_overhaul_lock"
}