{
	"name": "minecraft:nether_fortress/nether_fortress_tower",	
  "elements": [
	 {
      "element": {
        "element_type": "minecraft:single_pool_element",
        "location": "minecraft:nether_fortress/bridge_tower/nether_fortress_bridge_tower_a",
        "processors": "minecraft:nether_fortress_generic_degradation",
        "projection": "rigid"
      },
      "weight": 2
    },
	{
      "element": {
        "element_type": "minecraft:single_pool_element",
        "location": "minecraft:nether_fortress/bridge_tower/nether_fortress_bridge_tower_b",
        "processors": "minecraft:nether_fortress_generic_degradation",
        "projection": "rigid"
      },
      "weight": 3
    },
	{
      "element": {
        "element_type": "minecraft:single_pool_element",
        "location": "minecraft:nether_fortress/bridge_tower/nether_fortress_bridge_tower_c",
        "processors": "minecraft:nether_fortress_generic_degradation",
        "projection": "rigid"
      },
      "weight": 3
    },
	{
      "element": {
        "element_type": "minecraft:single_pool_element",
        "location": "minecraft:nether_fortress/bridge_tower/nether_fortress_bridge_tower_d",
        "processors": "minecraft:nether_fortress_generic_degradation",
        "projection": "rigid"
      },
      "weight": 3
    },
	{
      "element": {
        "element_type": "minecraft:single_pool_element",
        "location": "minecraft:nether_fortress/bridge_tower/nether_fortress_bridge_tower_roof",
        "processors": "minecraft:nether_fortress_generic_degradation",
        "projection": "rigid"
      },
      "weight": 5
    }
  ],
  "fallback": "minecraft:nether_fortress/nether_fortress_tower_roof"
}