{
	"name": "minecraft:nether_fortress/nether_fortress_chest",
  "elements": [
    {
      "element": {
        "element_type": "minecraft:single_pool_element",
        "location": "minecraft:nether_fortress/chest/nether_fortress_outside_chest",
        "processors": "minecraft:nether_fortress_generic_degradation",
        "projection": "rigid"
      },
      "weight": 6
    },
	{
      "element": {
        "element_type": "minecraft:single_pool_element",
        "location": "minecraft:nether_fortress/chest/nether_fortress_outside_vault",
        "processors": "minecraft:nether_fortress_generic_degradation",
        "projection": "rigid"
      },
      "weight": 2
    },
	{
      "element": {
        "element_type": "minecraft:single_pool_element",
        "location": "minecraft:nether_fortress/chest/nether_fortress_inside_chest",
        "processors": "minecraft:nether_fortress_generic_degradation",
        "projection": "rigid"
      },
      "weight": 2
    },
	{
      "element": {
        "element_type": "minecraft:single_pool_element",
        "location": "minecraft:nether_fortress/chest/nether_fortress_inside_vault",
        "processors": "minecraft:nether_fortress_generic_degradation",
        "projection": "rigid"
      },
      "weight": 1
    },
	{
      "element": {
        "element_type": "minecraft:single_pool_element",
        "location": "minecraft:nether_fortress/chest/nether_fortress_outside_chest_fail",
        "processors": "minecraft:nether_fortress_generic_degradation",
        "projection": "rigid"
      },
      "weight": 2
    },
	{
      "element": {
        "element_type": "minecraft:single_pool_element",
        "location": "minecraft:nether_fortress/chest/nether_fortress_inside_chest_fail",
        "processors": "minecraft:nether_fortress_generic_degradation",
        "projection": "rigid"
      },
      "weight": 2
    },
	{
      "element": {
        "element_type": "minecraft:single_pool_element",
        "location": "minecraft:nether_fortress/chest/nether_fortress_outside_chest_fail2",
        "processors": "minecraft:nether_fortress_generic_degradation",
        "projection": "rigid"
      },
      "weight": 1
    },
	{
      "element": {
        "element_type": "minecraft:single_pool_element",
        "location": "minecraft:nether_fortress/chest/nether_fortress_inside_chest_fail2",
        "processors": "minecraft:nether_fortress_generic_degradation",
        "projection": "rigid"
      },
      "weight": 1
    },
	{
      "element": {
        "element_type": "minecraft:single_pool_element",
        "location": "minecraft:nether_fortress/chest/nether_fortress_outside_chest_fail3",
        "processors": "minecraft:nether_fortress_generic_degradation",
        "projection": "rigid"
      },
      "weight": 3
    },
	{
      "element": {
        "element_type": "minecraft:single_pool_element",
        "location": "minecraft:nether_fortress/chest/nether_fortress_inside_chest_fail3",
        "processors": "minecraft:nether_fortress_generic_degradation",
        "projection": "rigid"
      },
      "weight": 3
    }
  ],
  "fallback": "minecraft:empty"
}