{
	"name": "minecraft:nether_fortress/nether_fortress_bridge_conector",	
  "elements": [
    {
      "element": {
        "element_type": "minecraft:single_pool_element",
        "location": "minecraft:nether_fortress/bridge_tower/nether_fortress_bridge_breaker_balcony",
        "processors": "minecraft:nether_fortress_generic_degradation",
        "projection": "rigid"
      },
      "weight": 1
    },
	{
      "element": {
        "element_type": "minecraft:single_pool_element",
        "location": "minecraft:nether_fortress/bridge_tower/nether_fortress_bridge_breaker_balcony_fallback",
        "processors": "minecraft:nether_fortress_generic_degradation",
        "projection": "rigid"
      },
      "weight": 1
    }
  ],
  "fallback": "minecraft:nether_fortress/nether_fortress_balcony"
}