{
	"type": "minecraft:jigsaw",
	"biomes": "#zhopo:has_structure/underwater_city",
	"step": "fluid_springs",
	"spawn_overrides": {
		"monster": {
			"bounding_box": "full",
			"spawns": [
				{
					"type": "minecraft:drowned",
					"weight": 155,
					"minCount": 1,
					"maxCount": 1
				}
			]
		}
	},
	"terrain_adaptation": "beard_box",
	"start_pool": "hopo:underwater_city",
	"size": 5,
	"start_height": {
		"type": "minecraft:uniform",
		"min_inclusive": {
			"absolute": -10
		},
		"max_inclusive": {
			"absolute": -8
		}
	},
	"project_start_to_heightmap": "OCEAN_FLOOR_WG",
	"max_distance_from_center": 90,
	"use_expansion_hack": true
}
