[
	{
		"condition": "minecraft:entity_scores",
		"entity": "this",
		"scores": {
			"kohara.flight_speed": {
				"min": 1
			}
		}
	},
	{
		"condition": "minecraft:entity_properties",
		"entity": "this",
		"predicate": {
			"equipment": {
				"chest": {
					"items": [
						"minecraft:elytra"
					]
				}
			}
		}
	},
	{
		"condition": "minecraft:any_of",
		"terms": [
			{
				"condition": "minecraft:all_of",
				"terms": [
					{
						"condition": "minecraft:any_of",
						"terms": [
							{
								"condition": "minecraft:entity_properties",
								"entity": "this",
								"predicate": {
									"equipment": {
										"offhand": {
											"items": [
												"minecraft:trident"
											],
											"enchantments": [
												{
													"enchantment": "minecraft:riptide",
													"levels": {
														"min": 1
													}
												}
											]
										}
									}
								}
							},
							{
								"condition": "minecraft:entity_properties",
								"entity": "this",
								"predicate": {
									"equipment": {
										"mainhand": {
											"items": [
												"minecraft:trident"
											],
											"enchantments": [
												{
													"enchantment": "minecraft:riptide",
													"levels": {
														"min": 1
													}
												}
											]
										}
									}
								}
							}
						]
					},
					{
						"condition": "minecraft:entity_scores",
						"entity": "this",
						"scores": {
							"kohara.thrown_trident": {
								"min": 1
							}
						}
					}
				]
			},
			{
				"condition": "minecraft:entity_scores",
				"entity": "this",
				"scores": {
					"kohara.used_firework": {
						"min": 1
					}
				}
			}
		]
	}
]
