{
  "feature": "terralith:skylands/winter/island",
  "placement": [
    {
      "type": "minecraft:count",
      "count": 10
    },
    {
      "type": "minecraft:count",
      "count": 1
    },
    {
      "type": "minecraft:random_offset",
      "xz_spread": {
        "type": "minecraft:uniform",
        "value": {
          "min_inclusive": 0,
          "max_inclusive": 16
        }
      },
      "y_spread": 0
    },
    {
      "type": "minecraft:height_range",
      "height": {
        "type": "minecraft:uniform",
        "min_inclusive": {
          "absolute": 250
        },
        "max_inclusive": {
          "absolute": 252
        }
      }
    },
    {
      "type": "minecraft:biome"
    }
  ]
}