{
	"type": "minecraft:jigsaw",
	"start_pool": "nova_structures:jungle_ruin_center",
	"biomes": "#nova_structures:collections/jungles",
	"project_start_to_heightmap": "WORLD_SURFACE_WG",
	"liquid_settings": "ignore_waterlogging",
	"start_height": {
		"absolute": 0
	},
	"spawn_overrides": {
    "monster": {
	"bounding_box": "full",
      "spawns": [
        {
        "type": "minecraft:spider",
        "maxCount": 4,
        "minCount": 4,
        "weight": 100
      },
      {
        "type": "minecraft:zombie",
        "maxCount": 4,
        "minCount": 4,
        "weight": 95
      },
      {
        "type": "minecraft:zombie_villager",
        "maxCount": 1,
        "minCount": 1,
        "weight": 5
      },
      {
        "type": "minecraft:skeleton",
        "maxCount": 4,
        "minCount": 4,
        "weight": 100
      },
      {
        "type": "minecraft:creeper",
        "maxCount": 4,
        "minCount": 4,
        "weight": 100
      },
      {
        "type": "minecraft:slime",
        "maxCount": 4,
        "minCount": 4,
        "weight": 100
      },
      {
        "type": "minecraft:enderman",
        "maxCount": 4,
        "minCount": 1,
        "weight": 30
      },
	  {
        "type": "minecraft:drowned",
        "maxCount": 4,
        "minCount": 4,
        "weight": 95
      },
      {
        "type": "minecraft:witch",
        "maxCount": 1,
        "minCount": 1,
        "weight": 5
      },
	  {
        "type": "minecraft:bogged",
        "maxCount": 4,
        "minCount": 4,
        "weight": 200
      }
      ]
	}
    },
	"step": "surface_structures",
	"use_expansion_hack": false,
	"max_distance_from_center": 100,
	"size": 6,
	"terrain_adaptation": "beard_box"
}
