{
	"name": "nova_structures:road",
	"fallback": "minecraft:empty",
	"elements": [
		{
			"weight": 1,
			"element": {
				"element_type": "minecraft:single_pool_element",
				"location": "nova_structures:desert_ruin/house/desert_ruins_house_15",
				"projection": "rigid",
				"processors": "nova_structures:desert_ruins_degradation"
			}
		},
		{
			"weight": 1,
			"element": {
				"element_type": "minecraft:single_pool_element",
				"location": "nova_structures:desert_ruin/house/desert_ruins_house_16",
				"projection": "rigid",
				"processors": "nova_structures:desert_ruins_degradation"
			}
		},
		{
			"weight": 1,
			"element": {
				"element_type": "minecraft:single_pool_element",
				"location": "nova_structures:desert_ruin/house/desert_ruins_house_17",
				"projection": "rigid",
				"processors": "nova_structures:desert_ruins_degradation"
			}
		},
		{
			"weight": 2,
			"element": {
				"element_type": "minecraft:single_pool_element",
				"location": "nova_structures:desert_ruin/path/desert_ruins_path1",
				"projection": "terrain_matching",
				"processors": "nova_structures:desert_ruins_degradation"
			}
		},
		{
			"weight": 2,
			"element": {
				"element_type": "minecraft:single_pool_element",
				"location": "nova_structures:desert_ruin/path/desert_ruins_path2",
				"projection": "terrain_matching",
				"processors": "nova_structures:desert_ruins_degradation"
			}
		},
		{
			"weight": 2,
			"element": {
				"element_type": "minecraft:single_pool_element",
				"location": "nova_structures:desert_ruin/path/desert_ruins_path3",
				"projection": "terrain_matching",
				"processors": "nova_structures:desert_ruins_degradation"
			}
		},
		{
			"weight": 4,
			"element": {
				"element_type": "minecraft:single_pool_element",
				"location": "nova_structures:desert_ruin/path/desert_ruins_path4",
				"projection": "terrain_matching",
				"processors": "nova_structures:desert_ruins_degradation"
			}
		},
		{
			"weight": 4,
			"element": {
				"element_type": "minecraft:single_pool_element",
				"location": "nova_structures:desert_ruin/path/desert_ruins_path5",
				"projection": "terrain_matching",
				"processors": "nova_structures:desert_ruins_degradation"
			}
		},
		{
			"weight": 4,
			"element": {
				"element_type": "minecraft:single_pool_element",
				"location": "nova_structures:desert_ruin/path/desert_ruins_path6",
				"projection": "terrain_matching",
				"processors": "nova_structures:desert_ruins_degradation"
			}
		},
		{
			"weight": 4,
			"element": {
				"element_type": "minecraft:single_pool_element",
				"location": "nova_structures:desert_ruin/path/desert_ruins_path7",
				"projection": "terrain_matching",
				"processors": "nova_structures:desert_ruins_degradation"
			}
		},
		{
			"weight": 1,
			"element": {
				"element_type": "minecraft:single_pool_element",
				"location": "nova_structures:desert_ruin/path/desert_ruins_path8",
				"projection": "terrain_matching",
				"processors": "nova_structures:desert_ruins_degradation"
			}
		},
		{
			"weight": 3,
			"element": {
				"element_type": "minecraft:single_pool_element",
				"location": "nova_structures:desert_ruin/path/desert_ruins_path9",
				"projection": "terrain_matching",
				"processors": "nova_structures:desert_ruins_degradation"
			}
		}
	]
}
