{
  "type": "minecraft:chest",
  "pools": [
    {
      "rolls": 1,
      "bonus_rolls": 0.0,
      "entries": [
        {
          "type": "minecraft:item",
          "functions": [
            {
              "function": "minecraft:exploration_map",
              "decoration": "mansion",
              "destination": "minecraft:pillager_outpost",
              "zoom": 4,
              "skip_existing_chunks": false
            },
            {
              "function": "minecraft:set_name",
              "name": "Pillager Outpost Map"
            }
          ],
          "name": "minecraft:map"
        },
        {
          "type": "minecraft:item",
          "functions": [
            {
              "function": "minecraft:exploration_map",
              "decoration": "red_x",
              "destination": "minecraft:ancient_city",
              "zoom": 4,
              "skip_existing_chunks": false
            },
            {
              "function": "minecraft:set_name",
              "name": "Ancient City Map"
            }
          ],
          "name": "minecraft:map"
        }
      ]
    },
    {
      "rolls": 3,
      "bonus_rolls": 0.0,
      "entries": [
        {
          "type": "minecraft:item",
          "functions": [
            {
              "add": false,
              "count": 2,
              "function": "minecraft:set_count"
            }
          ],
          "name": "minecraft:paper"
        },
        {
          "type": "minecraft:item",
          "name": "minecraft:book"
        }
      ]
    },
    {
      "rolls": 3,
      "bonus_rolls": 0.0,
      "entries": [
        {
          "type": "minecraft:item",
          "name": "minecraft:orange_banner"
        },
        {
          "type": "minecraft:item",
          "name": "minecraft:red_banner"
        },
        {
          "type": "minecraft:item",
          "name": "minecraft:gray_banner"
        },
        {
          "type": "minecraft:item",
          "name": "minecraft:purple_banner"
        },
        {
          "type": "minecraft:item",
          "name": "minecraft:yellow_banner"
        },
        {
          "type": "minecraft:item",
          "name": "minecraft:blue_banner"
        }
      ]
    }
  ],
  "functions": [
    {
      "function": "minecraft:reference",
      "name": "nova_structures:loot_modifier"
    }
  ]
}