{
  "type": "minecraft:chest",
  "pools": [
    {
      "bonus_rolls": 0.0,
      "entries": [  
        {
          "type": "minecraft:item",
          "functions": [
            {
              "add": false,
              "count": {
                "type": "minecraft:uniform",
                "max": 5.0,
                "min": 1.0
              },
              "function": "minecraft:set_count"
            }
          ],
          "name": "minecraft:paper",
          "weight": 15
        },
        {
          "type": "minecraft:item",
          "name": "minecraft:compass",
          "weight": 5
        },
        {
          "type": "minecraft:item",
          "functions": [
            {
              "add": false,
              "count": {
                "type": "minecraft:uniform",
                "max": 4.0,
                "min": 1.0
              },
              "function": "minecraft:set_count"
            }
          ],
          "name": "minecraft:bread",
          "weight": 15
        },   
        {
          "type": "minecraft:item",
          "functions": [
            {
              "add": false,
              "count": {
                "type": "minecraft:uniform",
                "max": 3.0,
                "min": 1.0
              },
              "function": "minecraft:set_count"
            }
          ],
          "name": "minecraft:map",
          "weight": 10
        },
        {
          "type": "minecraft:item",
          "functions": [
            {
              "add": false,
              "count": {
                "type": "minecraft:uniform",
                "max": 2.0,
                "min": 1.0
              },
              "function": "minecraft:set_count"
            }
          ],
          "name": "minecraft:stick",
          "weight": 5
        }

      ],
      "rolls": {
        "type": "minecraft:uniform",
        "max": 6,
        "min": 1
      }
    },
    {
      "entries": [
        {      
          "type": "minecraft:item",
          "name": "minecraft:map",
          "weight": 5,
          "functions": [
            {
              "function": "minecraft:exploration_map",
              "destination": "custom_villages:trail_ruins",
              "decoration": "banner_brown",
              "search_radius": 64,
              "skip_existing_chunks": false
            },
            {
              "function": "minecraft:set_name",
              "name": "Trail Ruins Explorer Map"
            }
          ]
        },
        {      
          "type": "minecraft:item",
          "name": "minecraft:map",
          "weight": 5,
          "functions": [
            {
              "function": "minecraft:exploration_map",
              "destination": "custom_villages:jungle_pyramid",
              "decoration": "jungle_temple",
              "search_radius": 64,
              "skip_existing_chunks": false
            },
            {
              "function": "minecraft:set_name",
              "name": "Jungle Temple Explorer Map"
            }
          ]
        }
      ],
      "rolls": {
        "type": "minecraft:uniform",
        "max": 1,
        "min": 0
      }
    }
  ]
}