{
	"type": "minecraft:jigsaw",
	"start_pool": "nova_structures:end_castle/start",
	"biomes": "#nova_structures:collections/end_voids",
	"start_height": {
    "type": "minecraft:uniform",
    "min_inclusive": {
      "absolute": 158
    },
    "max_inclusive": {
      "absolute": 159
    }
  },
	"spawn_overrides": {
    "monster": {
	"bounding_box": "full",
      "spawns": [
      {
        "type": "minecraft:phantom",
        "maxCount": 4,
        "minCount": 4,
        "weight": 100
      },
      {
        "type": "minecraft:enderman",
        "maxCount": 4,
        "minCount": 1,
        "weight": 200
      },
	  {
        "type": "minecraft:endermite",
        "maxCount": 16,
        "minCount": 1,
        "weight": 400
      }
      ]
    }
  },
	"step": "surface_structures",
	"start_jigsaw_name": "nova_structures:end_castle_anchor",
	"use_expansion_hack": false,
	"max_distance_from_center": 128,
	"size": 10,
	"terrain_adaptation": "none"
}
