{
	"feature": "far_end:warped/aquatic/delta",
	"placement": [
		{
			"type": "minecraft:count_on_every_layer",
			"count": 1
		},
		{
			"type": "minecraft:block_predicate_filter",
			"predicate": {
				"type": "minecraft:all_of",
				"predicates": [
					{
						"type": "minecraft:matching_blocks",
						"blocks": [
							"minecraft:air"
						]
					},
					{
						"type": "minecraft:matching_blocks",
						"offset": [
							0,
							-1,
							0
						],
						"blocks": [
							"minecraft:moss_block",
							"minecraft:warped_wart_block"
						]
					}
				]
			}
		},
		{
			"type": "minecraft:biome"
		}
	]
}
