{
  "name": "hopo:piglin_ruin",
  "fallback": "hopo:piglin_ruin",
  "elements": [
    {
      "weight": 100,
      "element": {
        "element_type": "minecraft:single_pool_element",
        "location": "hopo:piglin_ruin/portal1",
        "projection": "rigid",
        "processors": "hopo:blackstonier"
      }
    },
    {
      "weight": 95,
      "element": {
        "element_type": "minecraft:single_pool_element",
        "location": "hopo:piglin_ruin/portal2",
        "projection": "rigid",
        "processors": "hopo:blackstonier"
      }
    },
    {
      "weight": 95,
      "element": {
        "element_type": "minecraft:single_pool_element",
        "location": "hopo:piglin_ruin/portal3",
        "projection": "rigid",
        "processors": "hopo:blackstonier"
      }
    }
  ]
}
