{
  "name": "hopo:portal_ruined",
  "fallback": "hopo:portal_ruined",
  "elements": [
    {
      "weight": 33,
      "element": {
        "element_type": "minecraft:legacy_single_pool_element",
        "location": "hopo:portal1",
        "projection": "rigid",
        "processors": "hopo:portalier"
      }
    },
    {
      "weight": 30,
      "element": {
        "element_type": "minecraft:legacy_single_pool_element",
        "location": "hopo:portal2",
        "projection": "rigid",
        "processors": "hopo:portalier"  
      }
    },
    {
      "weight": 30,
      "element": {
        "element_type": "minecraft:legacy_single_pool_element",
        "location": "hopo:portal3",
        "projection": "rigid",
        "processors": "hopo:portalier"
      }
    },
    {
      "weight": 30,
      "element": {
        "element_type": "minecraft:legacy_single_pool_element",
        "location": "hopo:portal4",
        "projection": "rigid",
        "processors": "hopo:portalier"
      }
    },
    {
      "weight": 20,
      "element": {
        "element_type": "minecraft:legacy_single_pool_element",
        "location": "hopo:portal5",
        "projection": "rigid",
        "processors": "hopo:portalier"
      }
    },
    {
      "weight": 20,
      "element": {
        "element_type": "minecraft:legacy_single_pool_element",
        "location": "hopo:portal6",
        "projection": "rigid",
        "processors": "hopo:portalier"
      }
    },
    {
      "weight": 22,
      "element": {
        "element_type": "minecraft:legacy_single_pool_element",
        "location": "hopo:portal7",
        "projection": "rigid",
        "processors": "hopo:portalier"
      }
    },
    {
      "weight": 22,
      "element": {
        "element_type": "minecraft:legacy_single_pool_element",
        "location": "hopo:portal8",
        "projection": "rigid",
        "processors": "hopo:portalier"
      }
    },
    {
      "weight": 20,
      "element": {
        "element_type": "minecraft:legacy_single_pool_element",
        "location": "hopo:portal9",
        "projection": "rigid",
        "processors": "hopo:portalier"
      }
    },
    {
      "weight": 30,
      "element": {
        "element_type": "minecraft:legacy_single_pool_element",
        "location": "hopo:portal10",
        "projection": "rigid",
        "processors": "hopo:portalier"
      }
    },
    {
      "weight": 100,
      "element": {
        "element_type": "minecraft:legacy_single_pool_element",
        "location": "hopo:portal11",
        "projection": "rigid",
        "processors": "hopo:portalier"
      }
    },
    {
      "weight": 100,
      "element": {
        "element_type": "minecraft:legacy_single_pool_element",
        "location": "hopo:portal12",
        "projection": "rigid",
        "processors": "hopo:portalier"
      }
    },
    {
      "weight": 100,
      "element": {
        "element_type": "minecraft:legacy_single_pool_element",
        "location": "hopo:portal13",
        "projection": "rigid",
        "processors": "hopo:portalier"
      }
    }
  ]
}
