{
	"type": "minecraft:chest",
	"pools": [
		{
			"rolls": {
				"type": "minecraft:uniform",
				"min": 5,
				"max": 6
			},
			"bonus_rolls": 0,
			"entries": [
				{
					"type": "minecraft:item",
					"name": "minecraft:potion",
					"weight": 2,
					"functions": [
						{
							"function": "minecraft:set_nbt",
							"tag": "{custom_potion_effects:[{id:\"minecraft:luck\",amplifier:0b,duration:3600}],CustomPotionColor:655104}"
						},
						{
							"function": "minecraft:set_name",
							"name": [
								{
									"text": "Potion of Luck",
									"italic": false
								}
							]
						}
					]
				},
				{
					"type": "minecraft:item",
					"name": "minecraft:potion",
					"weight": 2,
					"functions": [
						{
							"function": "minecraft:set_nbt",
							"tag": "{custom_potion_effects:[{id:\"minecraft:absorption\",amplifier:4b,duration:3600}],CustomPotionColor:16773678}"
						},
						{
							"function": "minecraft:set_name",
							"name": [
								{
									"text": "Potion of Absorption",
									"italic": false
								}
							]
						}
					]
				},
				{
					"type": "minecraft:item",
					"name": "minecraft:potion",
					"weight": 1,
					"functions": [
						{
							"function": "minecraft:set_nbt",
							"tag": "{custom_potion_effects:[{id:\"minecraft:health_boost\",amplifier:0b,duration:1200}],CustomPotionColor:16726313}"
						},
						{
							"function": "minecraft:set_name",
							"name": [
								{
									"text": "Potion of Health Boost",
									"italic": false
								}
							]
						}
					]
				},
				{
					"type": "minecraft:item",
					"name": "minecraft:potion",
					"weight": 2,
					"functions": [
						{
							"function": "minecraft:set_nbt",
							"tag": "{custom_potion_effects:[{id:\"minecraft:dolphins_grace\",amplifier:0b,duration:3600}],CustomPotionColor:13149152}"
						},
						{
							"function": "minecraft:set_name",
							"name": [
								{
									"text": "Potion of Dolphin’s Grace",
									"italic": false
								}
							]
						}
					]
				},
				{
					"type": "minecraft:item",
					"name": "minecraft:potion",
					"weight": 1,
					"functions": [
						{
							"function": "minecraft:set_potion",
							"id": "minecraft:long_water_breathing"
						}
					]
				},
				{
					"type": "minecraft:item",
					"name": "minecraft:potion",
					"weight": 1,
					"functions": [
						{
							"function": "minecraft:set_nbt",
							"tag": "{custom_potion_effects:[{id:\"minecraft:conduit_power\",amplifier:0b,duration:1200}],CustomPotionColor:6160084}"
						},
						{
							"function": "minecraft:set_name",
							"name": [
								{
									"text": "Potion of Conduit",
									"italic": false
								}
							]
						}
					]
				},
				{
					"type": "minecraft:item",
					"name": "minecraft:trident",
					"weight": 1,
					"functions": [
						{
							"function": "minecraft:set_damage",
							"damage": {
								"min": 0.05,
								"max": 0.2
							},
							"add": false
						},
						{
							"function": "minecraft:enchant_with_levels",
							"levels": {
								"min": 15,
								"max": 30
							},
							"treasure": true
						}
					]
				},
				{
					"type": "minecraft:item",
					"name": "minecraft:trident",
					"weight": 1,
					"functions": [
						{
							"function": "minecraft:set_damage",
							"damage": {
								"min": 0.05,
								"max": 0.2
							},
							"add": false
						}
					]
				},
				{
					"type": "minecraft:item",
					"name": "minecraft:book",
					"weight": 10,
					"functions": [
						{
							"function": "minecraft:enchant_randomly",
							"enchantments": [
								"minecraft:riptide",
								"minecraft:impaling",
								"minecraft:loyalty",
								"minecraft:channeling",
								"minecraft:depth_strider",
								"minecraft:mending",
								"minecraft:unbreaking",
								"minecraft:aqua_affinity",
								"minecraft:respiration",
								"minecraft:thorns",
								"minecraft:frost_walker"
							]
						}
					]
				},
				{
					"type": "minecraft:item",
					"name": "minecraft:gold_block",
					"weight": 2,
					"functions": [
						{
							"function": "minecraft:set_count",
							"count": {
								"min": 0,
								"max": 1
							},
							"add": false
						}
					]
				},
				{
					"type": "minecraft:item",
					"name": "minecraft:gold_ingot",
					"weight": 6,
					"functions": [
						{
							"function": "minecraft:set_count",
							"count": {
								"min": 1,
								"max": 2
							},
							"add": false
						}
					]
				},
				{
					"type": "minecraft:item",
					"name": "minecraft:prismarine_crystals",
					"weight": 8,
					"functions": [
						{
							"function": "minecraft:set_count",
							"count": {
								"min": 8,
								"max": 20
							},
							"add": false
						}
					]
				},
				{
					"type": "minecraft:item",
					"name": "minecraft:prismarine_shard",
					"weight": 7,
					"functions": [
						{
							"function": "minecraft:set_count",
							"count": {
								"min": 8,
								"max": 20
							},
							"add": false
						}
					]
				},
				{
					"type": "minecraft:item",
					"name": "minecraft:wet_sponge",
					"weight": 6,
					"functions": [
						{
							"function": "minecraft:set_count",
							"count": {
								"min": 1,
								"max": 4
							},
							"add": false
						}
					]
				},
				{
					"type": "minecraft:item",
					"name": "minecraft:sponge",
					"weight": 6,
					"functions": [
						{
							"function": "minecraft:set_count",
							"count": {
								"min": 1,
								"max": 3
							},
							"add": false
						}
					]
				},
				{
					"type": "minecraft:item",
					"name": "minecraft:sea_lantern",
					"weight": 8,
					"functions": [
						{
							"function": "minecraft:set_count",
							"count": {
								"min": 2,
								"max": 7
							},
							"add": false
						}
					]
				},
				{
					"type": "minecraft:item",
					"name": "minecraft:prismarine",
					"weight": 11,
					"functions": [
						{
							"function": "minecraft:set_count",
							"count": {
								"min": 6,
								"max": 16
							},
							"add": false
						}
					]
				},
				{
					"type": "minecraft:item",
					"name": "minecraft:dark_prismarine",
					"weight": 10,
					"functions": [
						{
							"function": "minecraft:set_count",
							"count": {
								"min": 6,
								"max": 16
							},
							"add": false
						}
					]
				},
				{
					"type": "minecraft:item",
					"name": "minecraft:prismarine_bricks",
					"weight": 10,
					"functions": [
						{
							"function": "minecraft:set_count",
							"count": {
								"min": 6,
								"max": 16
							},
							"add": false
						}
					]
				},
				{
					"type": "minecraft:item",
					"name": "minecraft:gold_ingot",
					"weight": 3,
					"functions": [
						{
							"function": "minecraft:set_count",
							"count": {
								"min": 0,
								"max": 3
							},
							"add": false
						}
					]
				},
				{
					"type": "minecraft:item",
					"name": "minecraft:iron_ingot",
					"weight": 3,
					"functions": [
						{
							"function": "minecraft:set_count",
							"count": {
								"min": 0,
								"max": 3
							},
							"add": false
						}
					]
				},
				{
					"type": "minecraft:item",
					"name": "minecraft:book",
					"weight": 4,
					"functions": [
						{
							"function": "minecraft:enchant_randomly"
						}
					]
				},
				{
					"type": "minecraft:item",
					"name": "minecraft:scute",
					"weight": 2,
					"functions": [
						{
							"function": "minecraft:set_count",
							"count": {
								"min": 0,
								"max": 1
							},
							"add": false
						}
					]
				},
				{
					"type": "minecraft:item",
					"name": "minecraft:name_tag",
					"weight": 3,
					"functions": [
						{
							"function": "minecraft:set_count",
							"count": {
								"min": 0,
								"max": 1
							},
							"add": false
						}
					]
				},
				{
					"type": "minecraft:item",
					"name": "minecraft:arrow",
					"weight": 3,
					"functions": [
						{
							"function": "minecraft:set_count",
							"count": {
								"min": 1,
								"max": 6
							},
							"add": false
						}
					]
				},
				{
					"type": "minecraft:item",
					"name": "minecraft:emerald",
					"weight": 2,
					"functions": [
						{
							"function": "minecraft:set_count",
							"count": {
								"min": 2,
								"max": 6
							},
							"add": false
						}
					]
				},
				{
					"type": "minecraft:item",
					"name": "minecraft:emerald_block",
					"weight": 1,
					"functions": [
						{
							"function": "minecraft:set_count",
							"count": {
								"min": 0,
								"max": 1
							},
							"add": false
						}
					]
				},
				{
					"type": "minecraft:item",
					"name": "minecraft:experience_bottle",
					"weight": 5,
					"functions": [
						{
							"function": "minecraft:set_count",
							"count": {
								"min": 2,
								"max": 5
							},
							"add": false
						}
					]
				},
				{
					"type": "minecraft:item",
					"name": "minecraft:flint",
					"weight": 2,
					"functions": [
						{
							"function": "minecraft:set_count",
							"count": {
								"min": 1,
								"max": 6
							},
							"add": false
						}
					]
				},
				{
					"type": "minecraft:item",
					"name": "minecraft:lapis_lazuli",
					"weight": 2,
					"functions": [
						{
							"function": "minecraft:set_count",
							"count": {
								"min": 2,
								"max": 7
							},
							"add": false
						}
					]
				},
				{
					"type": "minecraft:item",
					"name": "minecraft:chiseled_stone_bricks",
					"weight": 2,
					"functions": [
						{
							"function": "minecraft:set_count",
							"count": {
								"min": 4,
								"max": 12
							},
							"add": false
						}
					]
				},
				{
					"type": "minecraft:item",
					"name": "minecraft:sea_pickle",
					"weight": 2,
					"functions": [
						{
							"function": "minecraft:set_count",
							"count": {
								"min": 2,
								"max": 10
							},
							"add": false
						}
					]
				},
				{
					"type": "minecraft:item",
					"name": "minecraft:sand",
					"weight": 2,
					"functions": [
						{
							"function": "minecraft:set_count",
							"count": {
								"min": 4,
								"max": 12
							},
							"add": false
						}
					]
				},
				{
					"type": "minecraft:item",
					"name": "minecraft:tnt",
					"weight": 2,
					"functions": [
						{
							"function": "minecraft:set_count",
							"count": {
								"min": 1,
								"max": 2
							},
							"add": false
						}
					]
				},
				{
					"type": "minecraft:item",
					"name": "minecraft:coal",
					"weight": 1,
					"functions": [
						{
							"function": "minecraft:set_count",
							"count": {
								"min": 1,
								"max": 4
							},
							"add": false
						}
					]
				},
				{
					"type": "minecraft:item",
					"name": "minecraft:stick",
					"weight": 1,
					"functions": [
						{
							"function": "minecraft:set_count",
							"count": {
								"min": 3,
								"max": 9
							},
							"add": false
						}
					]
				},
				{
					"type": "minecraft:item",
					"name": "minecraft:golden_sword",
					"weight": 1,
					"functions": [
						{
							"function": "minecraft:set_damage",
							"damage": {
								"min": 0.6,
								"max": 0.8
							},
							"add": false
						},
						{
							"function": "minecraft:enchant_with_levels",
							"levels": 30,
							"treasure": false
						}
					]
				},
				{
					"type": "minecraft:item",
					"name": "minecraft:golden_axe",
					"weight": 1,
					"functions": [
						{
							"function": "minecraft:set_damage",
							"damage": {
								"min": 0.6,
								"max": 0.8
							},
							"add": false
						},
						{
							"function": "minecraft:enchant_with_levels",
							"levels": 30,
							"treasure": false
						}
					]
				},
				{
					"type": "minecraft:item",
					"name": "minecraft:diamond_sword",
					"weight": 1,
					"functions": [
						{
							"function": "minecraft:set_damage",
							"damage": {
								"min": 0.6,
								"max": 0.8
							},
							"add": false
						},
						{
							"function": "minecraft:enchant_with_levels",
							"levels": 25,
							"treasure": false
						}
					]
				},
				{
					"type": "minecraft:item",
					"name": "minecraft:diamond_axe",
					"weight": 1,
					"functions": [
						{
							"function": "minecraft:set_damage",
							"damage": {
								"min": 0.6,
								"max": 0.8
							},
							"add": false
						},
						{
							"function": "minecraft:enchant_with_levels",
							"levels": 25,
							"treasure": false
						}
					]
				},
				{
					"type": "minecraft:item",
					"name": "minecraft:music_disc_far"
				}
			]
		}
	]
}
