{
	"pools": [
		{
			"rolls": {
				"min": 3,
				"max": 6
			},
			"entries": [
				{
					"type": "minecraft:item",
					"weight": 3,
					"name": "minecraft:splash_potion",
					"functions": [
						{
							"function": "minecraft:set_nbt",
							"tag": "{display:{Name:'{\"text\":\"Splash Potion of Water Boost\",\"italic\":false}'},custom_potion_effects:[{id:\"minecraft:water_breathing\",amplifier:0b,duration:1200},{id:\"minecraft:dolphins_grace\",amplifier:0b,duration:1200}],CustomPotionColor:3847167}"
						}
					]
				},
				{
					"type": "minecraft:item",
					"name": "minecraft:sea_pickle",
					"weight": 2,
					"functions": [
						{
							"function": "minecraft:set_count",
							"count": {
								"min": 2,
								"max": 5
							},
							"add": false
						}
					]
				},
				{
					"type": "minecraft:item",
					"name": "minecraft:fishing_rod",
					"weight": 2,
					"functions": [
						{
							"function": "minecraft:set_damage",
							"damage": {
								"min": 0.3,
								"max": 0.8
							},
							"add": false
						},
						{
							"function": "minecraft:enchant_randomly"
						}
					]
				},
				{
					"type": "minecraft:item",
					"name": "minecraft:golden_boots",
					"weight": 2,
					"functions": [
						{
							"function": "minecraft:enchant_with_levels",
							"levels": 50,
							"treasure": true
						},
						{
							"function": "minecraft:set_damage",
							"damage": {
								"min": 0.5,
								"max": 0.8
							},
							"add": false
						},
						{
							"function": "minecraft:set_nbt",
							"tag": "{display:{Name:'{\"text\":\"Drowned Golden Armor Boots\",\"color\":\"gold\",\"italic\":false}'},Trim:{material:\"minecraft:iron\",pattern:\"minecraft:coast\"}}"
						}
					]
				},
				{
					"type": "minecraft:item",
					"name": "minecraft:golden_leggings",
					"weight": 2,
					"functions": [
						{
							"function": "minecraft:enchant_with_levels",
							"levels": 50,
							"treasure": true
						},
						{
							"function": "minecraft:set_damage",
							"damage": {
								"min": 0.5,
								"max": 0.8
							},
							"add": false
						},
						{
							"function": "minecraft:set_nbt",
							"tag": "{display:{Name:'{\"text\":\"Drowned Golden Armor Leggings\",\"color\":\"gold\",\"italic\":false}'},Trim:{material:\"minecraft:iron\",pattern:\"minecraft:coast\"}}"
						}
					]
				},
				{
					"type": "minecraft:item",
					"name": "minecraft:golden_chestplate",
					"weight": 2,
					"functions": [
						{
							"function": "minecraft:enchant_with_levels",
							"levels": 50,
							"treasure": true
						},
						{
							"function": "minecraft:set_damage",
							"damage": {
								"min": 0.5,
								"max": 0.8
							},
							"add": false
						},
						{
							"function": "minecraft:set_nbt",
							"tag": "{display:{Name:'{\"text\":\"Drowned Golden Armor Chestplate\",\"color\":\"gold\",\"italic\":false}'},Trim:{material:\"minecraft:iron\",pattern:\"minecraft:coast\"}}"
						}
					]
				},
				{
					"type": "minecraft:item",
					"name": "minecraft:golden_helmet",
					"weight": 2,
					"functions": [
						{
							"function": "minecraft:enchant_with_levels",
							"levels": 50,
							"treasure": true
						},
						{
							"function": "minecraft:set_damage",
							"damage": {
								"min": 0.5,
								"max": 0.8
							},
							"add": false
						},
						{
							"function": "minecraft:set_nbt",
							"tag": "{display:{Name:'{\"text\":\"Drowned Golden Armor Helmet\",\"color\":\"gold\",\"italic\":false}'},Trim:{material:\"minecraft:iron\",pattern:\"minecraft:coast\"}}"
						}
					]
				},
				{
					"type": "minecraft:item",
					"name": "minecraft:stone_axe",
					"weight": 2,
					"functions": [
						{
							"function": "minecraft:enchant_with_levels",
							"levels": 20,
							"treasure": true
						},
						{
							"function": "minecraft:set_damage",
							"damage": {
								"min": 0.5,
								"max": 0.8
							},
							"add": false
						}
					]
				},
				{
					"type": "minecraft:item",
					"name": "minecraft:salmon_bucket",
					"weight": 1
				},
				{
					"type": "minecraft:item",
					"name": "minecraft:cod_bucket",
					"weight": 1
				},
				{
					"type": "minecraft:item",
					"name": "minecraft:water_bucket",
					"weight": 1
				},
				{
					"type": "minecraft:item",
					"name": "minecraft:prismarine",
					"weight": 2,
					"functions": [
						{
							"function": "minecraft:set_count",
							"count": {
								"min": 3,
								"max": 12
							},
							"add": false
						}
					]
				},
				{
					"type": "minecraft:item",
					"name": "minecraft:stone_bricks",
					"weight": 2,
					"functions": [
						{
							"function": "minecraft:set_count",
							"count": {
								"min": 6,
								"max": 12
							},
							"add": false
						}
					]
				},
				{
					"type": "minecraft:item",
					"name": "minecraft:coal",
					"weight": 3,
					"functions": [
						{
							"function": "minecraft:set_count",
							"count": {
								"min": 1,
								"max": 5
							},
							"add": false
						}
					]
				},
				{
					"type": "minecraft:item",
					"name": "minecraft:rotten_flesh",
					"weight": 3,
					"functions": [
						{
							"function": "minecraft:set_count",
							"count": {
								"min": 1,
								"max": 5
							},
							"add": false
						}
					]
				},
				{
					"type": "minecraft:item",
					"name": "minecraft:nautilus_shell",
					"weight": 1,
					"functions": [
						{
							"function": "minecraft:set_count",
							"count": {
								"min": 0,
								"max": 1
							},
							"add": false
						}
					]
				},
				{
					"type": "minecraft:item",
					"name": "minecraft:prismarine_crystals",
					"weight": 4,
					"functions": [
						{
							"function": "minecraft:set_count",
							"count": {
								"min": 2,
								"max": 5
							},
							"add": false
						}
					]
				},
				{
					"type": "minecraft:item",
					"name": "minecraft:prismarine_shard",
					"weight": 4,
					"functions": [
						{
							"function": "minecraft:set_count",
							"count": {
								"min": 2,
								"max": 5
							},
							"add": false
						}
					]
				},
				{
					"type": "minecraft:item",
					"name": "minecraft:seagrass",
					"weight": 3,
					"functions": [
						{
							"function": "minecraft:set_count",
							"count": {
								"min": 2,
								"max": 5
							},
							"add": false
						}
					]
				},
				{
					"type": "minecraft:item",
					"name": "minecraft:kelp",
					"weight": 3,
					"functions": [
						{
							"function": "minecraft:set_count",
							"count": {
								"min": 2,
								"max": 5
							},
							"add": false
						}
					]
				},
				{
					"type": "minecraft:item",
					"name": "minecraft:wheat",
					"weight": 3,
					"functions": [
						{
							"function": "minecraft:set_count",
							"count": {
								"min": 2,
								"max": 5
							},
							"add": false
						}
					]
				},
				{
					"type": "minecraft:item",
					"name": "minecraft:bone",
					"weight": 3,
					"functions": [
						{
							"function": "minecraft:set_count",
							"count": {
								"min": 2,
								"max": 5
							},
							"add": false
						}
					]
				},
				{
					"type": "minecraft:item",
					"name": "minecraft:gold_ingot",
					"weight": 5,
					"functions": [
						{
							"function": "minecraft:set_count",
							"count": {
								"min": 2,
								"max": 6
							},
							"add": false
						}
					]
				},
				{
					"type": "minecraft:item",
					"name": "minecraft:iron_ingot",
					"weight": 5,
					"functions": [
						{
							"function": "minecraft:set_count",
							"count": {
								"min": 2,
								"max": 6
							},
							"add": false
						}
					]
				},
				{
					"type": "minecraft:item",
					"name": "minecraft:copper_ingot",
					"weight": 5,
					"functions": [
						{
							"function": "minecraft:set_count",
							"count": {
								"min": 2,
								"max": 6
							},
							"add": false
						}
					]
				},
				{
					"type": "minecraft:item",
					"name": "minecraft:emerald",
					"weight": 5,
					"functions": [
						{
							"function": "minecraft:set_count",
							"count": {
								"min": 2,
								"max": 6
							},
							"add": false
						}
					]
				},
				{
					"type": "minecraft:item",
					"name": "minecraft:gold_nugget",
					"weight": 6,
					"functions": [
						{
							"function": "minecraft:set_count",
							"count": {
								"min": 4,
								"max": 12
							},
							"add": false
						}
					]
				},
				{
					"type": "minecraft:item",
					"name": "minecraft:iron_nugget",
					"weight": 6,
					"functions": [
						{
							"function": "minecraft:set_count",
							"count": {
								"min": 4,
								"max": 12
							},
							"add": false
						}
					]
				},
				{
					"type": "minecraft:item",
					"name": "minecraft:book",
					"weight": 2,
					"functions": [
						{
							"function": "minecraft:enchant_randomly"
						}
					]
				},
				{
					"type": "minecraft:item",
					"name": "minecraft:firework_rocket",
					"weight": 3,
					"functions": [
						{
							"function": "minecraft:set_count",
							"count": {
								"min": 4,
								"max": 10
							},
							"add": false
						},
						{
							"function": "minecraft:set_nbt",
							"tag": "{Fireworks:{Explosions:[{Type:1,Flicker:1,Colors:[I;2651799,11250603],FadeColors:[I;4408131,6719955,15435844,15790320]}],Flight:3}}"
						}
					]
				},
				{
					"type": "minecraft:item",
					"name": "minecraft:gunpowder",
					"weight": 3,
					"functions": [
						{
							"function": "minecraft:set_count",
							"count": {
								"min": 0,
								"max": 4
							},
							"add": false
						}
					]
				},
				{
					"type": "minecraft:item",
					"name": "minecraft:fire_charge",
					"weight": 3,
					"functions": [
						{
							"function": "minecraft:set_count",
							"count": {
								"min": 1,
								"max": 2
							},
							"add": false
						}
					]
				},
				{
					"type": "minecraft:item",
					"name": "minecraft:golden_apple",
					"weight": 3
				},
				{
					"type": "minecraft:item",
					"name": "minecraft:potion",
					"weight": 3,
					"functions": [
						{
							"function": "minecraft:set_potion",
							"id": "minecraft:strong_healing"
						}
					]
				}
			]
		}
	]
}
