{
	"feature": "far_end:wilds/surface/grassy_plain",
	"placement": [
		{
			"type": "minecraft:count",
			"count": 250
		},
		{
			"type": "minecraft:count",
			"count": 2
		},
		{
			"type": "minecraft:in_square"
		},
		{
			"type": "minecraft:noise_based_count",
			"noise_to_count_ratio": 30,
			"noise_factor": 100,
			"noise_offset": 0.14
		},
		{
			"type": "minecraft:height_range",
			"height": {
				"type": "minecraft:uniform",
				"min_inclusive": {
					"above_bottom": 0
				},
				"max_inclusive": {
					"below_top": 0
				}
			}
		},
		{
			"type": "minecraft:environment_scan",
			"direction_of_search": "down",
			"target_condition": {
				"type": "minecraft:solid"
			},
			"allowed_search_condition": {
				"type": "minecraft:matching_blocks",
				"blocks": [
					"minecraft:air"
				]
			},
			"max_steps": 8
		},
		{
			"type": "minecraft:biome"
		}
	]
}
