{
    "processors": [
      {
        "rules": [
          {
            "output_state": {
              "Name": "minecraft:mossy_cobblestone"
            },
            "input_predicate": {
              "block": "minecraft:cobblestone",
              "probability": 0.3,
              "predicate_type": "minecraft:random_block_match"
            },
            "location_predicate": {
              "predicate_type": "minecraft:always_true"
            }
          }
        ],
        "processor_type": "minecraft:rule"
      }
    ]
}