{
  "pools": [
    {
      "rolls": 1,
      "entries": [
        {
          "type": "minecraft:item",
          "functions": [
            {
              "function": "minecraft:set_name",
              "name": {
                "text": "Lingering Potion of Levitation"
              },
              "target": "item_name"
            },
            {
              "function": "minecraft:set_components",
              "components": {
                "minecraft:potion_contents": {
                  "custom_color": 13565951,
                  "custom_effects": [
                    {
                      "id": "minecraft:levitation",
                      "duration": 400
                    }
                  ]
                }
              }
            }
          ],
          "name": "minecraft:lingering_potion",
          "weight": 1
        }
      ]
    }
  ],
  "functions": [
    {
      "function": "minecraft:reference",
      "name": "nova_structures:loot_modifier"
    }
  ]
}
