{
	"processors": [
		{
			"processor_type": "minecraft:rule",
			"rules": [
				{
					"location_predicate": {
						"predicate_type": "minecraft:always_true"
					},
					"input_predicate": {
						"predicate_type": "minecraft:random_block_match",
						"block": "minecraft:polished_diorite",
						"probability": 0.2
					},
					"output_state": {
						"Name": "minecraft:polished_granite"
					}
				},
				{
					"location_predicate": {
						"predicate_type": "minecraft:always_true"
					},
					"input_predicate": {
						"predicate_type": "minecraft:random_block_match",
						"block": "minecraft:polished_diorite",
						"probability": 0.25
					},
					"output_state": {
						"Name": "minecraft:light_blue_terracotta"
					}
				},
				{
					"location_predicate": {
						"predicate_type": "minecraft:always_true"
					},
					"input_predicate": {
						"predicate_type": "minecraft:random_block_match",
						"block": "minecraft:sandstone",
						"probability": 0.017
					},
					"output_state": {
						"Name": "minecraft:horn_coral_block"
					}
				},
				{
					"location_predicate": {
						"predicate_type": "minecraft:always_true"
					},
					"input_predicate": {
						"predicate_type": "minecraft:random_block_match",
						"block": "minecraft:sandstone",
						"probability": 0.017
					},
					"output_state": {
						"Name": "minecraft:fire_coral_block"
					}
				},
				{
					"location_predicate": {
						"predicate_type": "minecraft:always_true"
					},
					"input_predicate": {
						"predicate_type": "minecraft:random_block_match",
						"block": "minecraft:sandstone",
						"probability": 0.017
					},
					"output_state": {
						"Name": "minecraft:bubble_coral_block"
					}
				},
				{
					"location_predicate": {
						"predicate_type": "minecraft:always_true"
					},
					"input_predicate": {
						"predicate_type": "minecraft:random_block_match",
						"block": "minecraft:sandstone",
						"probability": 0.017
					},
					"output_state": {
						"Name": "minecraft:brain_coral_block"
					}
				},
				{
					"location_predicate": {
						"predicate_type": "minecraft:always_true"
					},
					"input_predicate": {
						"predicate_type": "minecraft:random_block_match",
						"block": "minecraft:sandstone",
						"probability": 0.017
					},
					"output_state": {
						"Name": "minecraft:tube_coral_block"
					}
				},
				{
					"location_predicate": {
						"predicate_type": "minecraft:always_true"
					},
					"input_predicate": {
						"predicate_type": "minecraft:random_block_match",
						"block": "minecraft:sandstone",
						"probability": 0.1
					},
					"output_state": {
						"Name": "minecraft:cut_sandstone"
					}
				},
				{
					"location_predicate": {
						"predicate_type": "minecraft:always_true"
					},
					"input_predicate": {
						"predicate_type": "minecraft:random_block_match",
						"block": "minecraft:sandstone",
						"probability": 0.02
					},
					"output_state": {
						"Name": "minecraft:smooth_sandstone"
					}
				},
				{
					"location_predicate": {
						"predicate_type": "minecraft:always_true"
					},
					"input_predicate": {
						"predicate_type": "minecraft:random_block_match",
						"block": "minecraft:sandstone",
						"probability": 0.09
					},
					"output_state": {
						"Name": "minecraft:prismarine"
					}
				},
				{
					"location_predicate": {
						"predicate_type": "minecraft:always_true"
					},
					"input_predicate": {
						"predicate_type": "minecraft:random_block_match",
						"block": "minecraft:sandstone",
						"probability": 0.2
					},
					"output_state": {
						"Name": "minecraft:sand"
					}
				},
				{
					"location_predicate": {
						"predicate_type": "minecraft:always_true"
					},
					"input_predicate": {
						"predicate_type": "minecraft:random_block_match",
						"block": "minecraft:sandstone",
						"probability": 0.2
					},
					"output_state": {
						"Name": "minecraft:suspicious_sand",
						"Properties": {
							"dusted": "0"
						}
					},
					"block_entity_modifier": {
						"type": "minecraft:append_loot",
						"loot_table": "hopo:archaeology/warm_small_ruins"
					}
				},
				{
					"location_predicate": {
						"predicate_type": "minecraft:always_true"
					},
					"input_predicate": {
						"predicate_type": "minecraft:random_block_match",
						"block": "minecraft:oxidized_cut_copper",
						"probability": 0.45
					},
					"output_state": {
						"Name": "minecraft:weathered_cut_copper"
					}
				},
				{
					"location_predicate": {
						"predicate_type": "minecraft:always_true"
					},
					"input_predicate": {
						"predicate_type": "minecraft:random_block_match",
						"block": "minecraft:oxidized_cut_copper",
						"probability": 0.5
					},
					"output_state": {
						"Name": "minecraft:exposed_cut_copper"
					}
				}
			]
		}
	]
}
