{
  "type": "minecraft:jigsaw",
  "biomes": "#minecraft:has_structure/nether_fortress",
  "max_distance_from_center": 127,
  "dimension_padding": {"bottom":30,"top":138},
  "pool_aliases": [
			{
				"type": "minecraft:direct",
				"alias": "minecraft:nether_fortress/nether_fortress_bridge_spawner",
				"target": "minecraft:nether_fortress/fortress_overhaul_spawner"
			},
			{
				"type": "minecraft:direct",
				"alias": "minecraft:nether_fortress/nether_fortress_bridge",
				"target": "minecraft:nether_fortress/fortress_overhaul_bridge"
			},
			{
				"type": "minecraft:direct",
				"alias": "minecraft:nether_fortress/nether_fortress_bridge_no_curve",
				"target": "minecraft:nether_fortress/fortress_overhaul_bridge_no_curve"
			},
			{
				"type": "minecraft:direct",
				"alias": "minecraft:nether_fortress/nether_fortress_chest",
				"target": "minecraft:nether_fortress/fortress_overhaul_chest"
			},
			{
				"type": "minecraft:direct",
				"alias": "minecraft:nether_fortress/nether_fortress_tower",
				"target": "minecraft:nether_fortress/fortress_overhaul_tower"
			}
	],
  "spawn_overrides": {
    "monster": {
      "bounding_box": "piece",
      "spawns": [
        {
          "type": "minecraft:blaze",
          "maxCount": 3,
          "minCount": 2,
          "weight": 10
        },
        {
          "type": "minecraft:zombified_piglin",
          "maxCount": 4,
          "minCount": 4,
          "weight": 5
        },
        {
          "type": "minecraft:wither_skeleton",
          "maxCount": 5,
          "minCount": 5,
          "weight": 8
        },
        {
          "type": "minecraft:skeleton",
          "maxCount": 5,
          "minCount": 5,
          "weight": 2
        },
        {
          "type": "minecraft:magma_cube",
          "maxCount": 4,
          "minCount": 4,
          "weight": 3
        }
      ]
    }
  },
  "step": "underground_decoration",
  "start_height": {
    "absolute": 60
  },
  "start_pool": "nova_structures:fortress_overhaul_start",
  "size": 15,
  "start_jigsaw_name": "minecraft:fortress_overhaul_anchor",
  "type": "minecraft:jigsaw",
  "use_expansion_hack": false
}