{
	"display": {
		"icon": {
			"item": "minecraft:end_crystal"
		},
		"title": {
			"translate": "stellarity.advancements.crystal_crusher",
			"fallback": "Crystal Crusher"
		},
		"description": {
			"translate": "stellarity.advancements.crystal_crusher.description",
			"fallback": "Destroy a protective End Crystal of an End City and collect its loot"
		},
		"frame": "goal",
		"show_toast": true,
		"announce_to_chat": true,
		"hidden": false
	},
	"parent": "minecraft:end/find_end_city",
	"criteria": {
		"open_chest_1": {
			"trigger": "minecraft:player_generates_container_loot",
			"conditions": {
				"loot_table": "stellarity:end_city/small_tower"
			}
		},
		"open_chest_2": {
			"trigger": "minecraft:player_generates_container_loot",
			"conditions": {
				"loot_table": "stellarity:end_city/top_tower"
			}
		}
	},
	"requirements": [
		[
			"open_chest_1",
			"open_chest_2"
		]
	]
}
