{
    "schemaVersion": 1,
    "authors": ["Hoponopono"],
    "contact": {
        "discord": "discord.gg/CZQthZJjPc"
},
"custom": {
    "modmenu": {
        "links": {
            "modmenu.discord": "https://discord.gg/CZQthZJjPc"
        }
    }
},
    "environment": "*",
    "name": "Hopo Better Ruined Portal",
    "id": "hopobetterruinedportal",
    "version": "1.4.3",
    "description": "§7A mod that improve how the portals look in your world",
    "license": "All Rights Reserved",
    "icon": "icon.png"
}   
