{
	"parent": "stellarity:cursed_tome/root",
	"criteria": {
		"requirement": {
			"trigger": "minecraft:inventory_changed",
			"conditions": {
				"items": [
					{
						"items": [
							"minecraft:netherite_sword"
						],
						"nbt": "{stellarity.special_item:\"dragonblade\"}"
					}
				]
			}
		},
		"requirement2": {
			"trigger": "minecraft:player_killed_entity",
			"conditions": {
				"entity": {
					"type": "minecraft:ender_dragon"
				}
			}
		}
	},
	"requirements": [
		[
			"requirement",
			"requirement2"
		]
	],
	"rewards": {
		"function": "stellarity:items/cursed_tome/unlock/event"
	}
}
