[
	{
		"condition": "minecraft:any_of",
		"terms": [
			{
				"condition": "minecraft:entity_properties",
				"entity": "this",
				"predicate": {
					"equipment": {
						"mainhand": {
							"items": [
								"minecraft:totem_of_undying"
							]
						}
					}
				}
			},
			{
				"condition": "minecraft:entity_properties",
				"entity": "this",
				"predicate": {
					"equipment": {
						"offhand": {
							"items": [
								"minecraft:totem_of_undying"
							]
						}
					}
				}
			}
		]
	}
]
