{
	"type": "minecraft:chest",
	"pools": [
		{
			"rolls": {
				"min": 0,
				"max": 2
			},
			"bonus_rolls": 0,
			"entries": [
				{
					"type": "minecraft:item",
					"quality": 1,
					"name": "minecraft:diamond"
				},
				{
					"type": "minecraft:item",
					"weight": 12,
					"name": "minecraft:iron_ingot",
					"functions": [
						{
							"function": "minecraft:set_count",
							"count": {
								"type": "minecraft:uniform",
								"min": 1,
								"max": 2
							},
							"add": false
						}
					]
				},
				{
					"type": "minecraft:item",
					"weight": 9,
					"name": "minecraft:gold_ingot",
					"functions": [
						{
							"function": "minecraft:set_count",
							"count": {
								"type": "minecraft:uniform",
								"min": 1,
								"max": 2
							},
							"add": false
						}
					]
				},
				{
					"type": "minecraft:item",
					"weight": 7,
					"name": "minecraft:emerald",
					"functions": [
						{
							"function": "minecraft:set_count",
							"count": {
								"min": 1,
								"max": 2
							},
							"add": false
						}
					]
				}
			]
		},
		{
			"rolls": {
				"min": -1,
				"max": 1
			},
			"entries": [
				{
					"type": "minecraft:item",
					"weight": 3,
					"name": "minecraft:diamond_sword"
				},
				{
					"type": "minecraft:item",
					"weight": 3,
					"name": "minecraft:diamond_boots",
					"functions": [
						{
							"function": "minecraft:reference",
							"name": "stellarity:end_city_armor_trim"
						}
					]
				},
				{
					"type": "minecraft:item",
					"weight": 3,
					"name": "minecraft:diamond_chestplate",
					"functions": [
						{
							"function": "minecraft:reference",
							"name": "stellarity:end_city_armor_trim"
						}
					]
				},
				{
					"type": "minecraft:item",
					"weight": 3,
					"name": "minecraft:diamond_leggings",
					"functions": [
						{
							"function": "minecraft:reference",
							"name": "stellarity:end_city_armor_trim"
						}
					]
				},
				{
					"type": "minecraft:item",
					"weight": 3,
					"name": "minecraft:diamond_helmet",
					"functions": [
						{
							"function": "minecraft:reference",
							"name": "stellarity:end_city_armor_trim"
						}
					]
				},
				{
					"type": "minecraft:item",
					"weight": 3,
					"name": "minecraft:diamond_pickaxe"
				},
				{
					"type": "minecraft:item",
					"weight": 3,
					"name": "minecraft:diamond_shovel"
				},
				{
					"type": "minecraft:item",
					"weight": 3,
					"name": "minecraft:diamond_hoe"
				},
				{
					"type": "minecraft:item",
					"weight": 3,
					"name": "minecraft:diamond_axe"
				},
				{
					"type": "minecraft:item",
					"name": "minecraft:diamond_horse_armor"
				}
			],
			"functions": [
				{
					"function": "minecraft:enchant_with_levels",
					"levels": {
						"type": "minecraft:uniform",
						"min": 25,
						"max": 35
					},
					"treasure": true
				},
				{
					"function": "minecraft:set_damage",
					"damage": {
						"min": 0.57,
						"max": 0.94
					},
					"add": false,
					"conditions": [
						{
							"condition": "minecraft:random_chance",
							"chance": 0.66
						}
					]
				}
			]
		},
		{
			"rolls": 2,
			"entries": [
				{
					"type": "minecraft:item",
					"weight": 6,
					"name": "minecraft:purpur_block",
					"functions": [
						{
							"function": "minecraft:set_count",
							"count": {
								"min": 1,
								"max": 3
							},
							"add": false
						}
					]
				},
				{
					"type": "minecraft:item",
					"weight": 6,
					"name": "minecraft:end_stone",
					"functions": [
						{
							"function": "minecraft:set_count",
							"count": {
								"min": 1,
								"max": 3
							},
							"add": false
						}
					]
				},
				{
					"type": "minecraft:alternatives",
					"children": [
						{
							"type": "minecraft:item",
							"weight": 3,
							"name": "minecraft:crying_obsidian",
							"functions": [
								{
									"function": "minecraft:set_count",
									"count": {
										"min": 2,
										"max": 4
									}
								}
							],
							"conditions": [
								{
									"condition": "minecraft:random_chance",
									"chance": 0.33333
								}
							]
						},
						{
							"type": "minecraft:item",
							"weight": 3,
							"name": "minecraft:obsidian",
							"functions": [
								{
									"function": "minecraft:set_count",
									"count": {
										"min": 2,
										"max": 4
									}
								}
							]
						}
					]
				}
			]
		},
		{
			"rolls": 3,
			"entries": [
				{
					"type": "minecraft:item",
					"weight": 5,
					"name": "minecraft:end_crystal"
				},
				{
					"type": "minecraft:item",
					"weight": 6,
					"name": "minecraft:ender_pearl",
					"functions": [
						{
							"function": "minecraft:set_count",
							"count": {
								"min": 1,
								"max": 2
							},
							"add": false
						}
					]
				},
				{
					"type": "minecraft:item",
					"weight": 6,
					"name": "minecraft:amethyst_shard",
					"functions": [
						{
							"function": "minecraft:set_count",
							"count": {
								"min": 1,
								"max": 2
							},
							"add": false
						}
					]
				},
				{
					"type": "minecraft:item",
					"weight": 4,
					"name": "minecraft:shulker_shell",
					"functions": [
						{
							"function": "minecraft:set_count",
							"count": {
								"min": 1,
								"max": 2
							},
							"add": false
						}
					]
				},
				{
					"type": "minecraft:item",
					"weight": 6,
					"name": "minecraft:phantom_membrane",
					"functions": [
						{
							"function": "minecraft:set_count",
							"count": {
								"min": 1,
								"max": 2
							},
							"add": false
						}
					]
				},
				{
					"type": "minecraft:item",
					"weight": 6,
					"name": "minecraft:chorus_fruit",
					"functions": [
						{
							"function": "minecraft:set_count",
							"count": {
								"min": 1,
								"max": 2
							},
							"add": false
						}
					]
				},
				{
					"type": "minecraft:item",
					"weight": 1,
					"quality": 1,
					"name": "minecraft:book",
					"functions": [
						{
							"function": "minecraft:enchant_with_levels",
							"levels": {
								"min": 25,
								"max": 35
							},
							"treasure": true
						}
					]
				},
				{
					"type": "minecraft:empty",
					"weight": 3
				},
				{
					"type": "minecraft:item",
					"weight": 3,
					"name": "minecraft:ender_eye",
					"functions": [
						{
							"function": "minecraft:set_count",
							"count": {
								"min": 1,
								"max": 2
							}
						}
					]
				}
			]
		},
		{
			"rolls": 1,
			"entries": [
				{
					"type": "minecraft:empty",
					"weight": 5
				},
				{
					"type": "minecraft:item",
					"name": "minecraft:spire_armor_trim_smithing_template"
				}
			]
		},
		{
			"rolls": 1,
			"entries": [
				{
					"type": "minecraft:loot_table",
					"name": "stellarity:items/chorus_dagger"
				},
				{
					"type": "minecraft:loot_table",
					"name": "stellarity:items/the_beginning_and_the_end"
				},
				{
					"type": "minecraft:loot_table",
					"name": "stellarity:items/starless_scythe"
				},
				{
					"type": "minecraft:loot_table",
					"name": "stellarity:items/spellbooks/jinx"
				}
			],
			"conditions": [
				{
					"condition": "minecraft:random_chance",
					"chance": 0.15
				}
			]
		},
		{
			"rolls": 1,
			"entries": [
				{
					"type": "minecraft:empty",
					"weight": 9
				},
				{
					"type": "minecraft:loot_table",
					"name": "stellarity:items/materials/enderite_smithing_template"
				}
			]
		}
	]
}
