{
	"ultrawarm": false,
	"natural": false,
	"piglin_safe": true,
	"respawn_anchor_works": true,
	"bed_works": true,
	"has_raids": false,
	"has_skylight": false,
	"has_ceiling": false,
	"coordinate_scale": 1,
	"ambient_light": 0,
	"fixed_time": 18000,
	"logical_height": 256,
	"effects": "minecraft:the_end",
	"infiniburn": "#minecraft:infiniburn_end",
	"min_y": 0,
	"height": 256,
	"monster_spawn_light_level": {
		"type": "minecraft:uniform",
		"value": {
			"min_inclusive": 0,
			"max_inclusive": 7
		}
	},
	"monster_spawn_block_light_limit": 15
}
