{
	"type": "minecraft:chest",
	"pools": [
	  {
		"rolls": {
		  "min": 4,
		  "max": 6
		},
		"entries": [
		  {
			"type": "minecraft:loot_table",
			"value": "minecraft:chests/underwater_ruin_big",
			"weight": 6
		  },
		  {
			"type": "minecraft:loot_table",
			"value": "hopo:chests/materials",
			"weight": 6
		  },
		  {
			"type": "minecraft:item",
			"name": "minecraft:map",
			"weight": 1,
			"functions": [
			  {
				"function": "minecraft:exploration_map",
				"destination": "minecraft:buried_treasure",
				"decoration": "red_x",
				"zoom": 2,
				"skip_existing_chunks": false
			  }
			]
		  },
		  {
			"type": "minecraft:item",
			"name": "minecraft:book",
			"weight": 7,
			"functions": [
			  {
				"function": "minecraft:enchant_randomly",
				"options": "#minecraft:on_random_loot"
			  }
			]
		  },
		  {
			"type": "minecraft:item",
			"name": "minecraft:map",
			"weight": 1,
			"functions": [
			  {
				"function": "minecraft:exploration_map",
				"destination": "minecraft:mineshaft",
				"decoration": "red_x",
				"zoom": 2,
				"skip_existing_chunks": true
			  },
			  {
				"function": "minecraft:set_name",
				"name": "Abandoned Mineshaft Map"
			  }
			]
		  },
		  {
			"type": "minecraft:item",
			"name": "minecraft:iron_axe",
			"weight": 3,
			"functions": [
			  {
				"function": "minecraft:enchant_randomly",
				"options": "#minecraft:on_random_loot"
			  },
			  {
				"function": "minecraft:set_damage",
				"damage": {
				  "min": 0.2,
				  "max": 0.7
				},
				"add": false
			  }
			]
		  },
		  {
			"type": "minecraft:item",
			"name": "minecraft:iron_pickaxe",
			"weight": 3,
			"functions": [
			  {
				"function": "minecraft:enchant_randomly",
				"options": "#minecraft:on_random_loot"
			  },
			  {
				"function": "minecraft:set_damage",
				"damage": {
				  "min": 0.2,
				  "max": 0.7
				},
				"add": false
			  }
			]
		  },
		  {
			"type": "minecraft:item",
			"name": "minecraft:lightning_rod",
			"weight": 2,
			"functions": [
			  {
				"function": "minecraft:set_count",
				"count": {
				  "min": 1,
				  "max": 1
				},
				"add": false
			  }
			]
		  },
		  {
			"type": "minecraft:item",
			"name": "minecraft:oxidized_cut_copper",
			"weight": 9,
			"functions": [
			  {
				"function": "minecraft:set_count",
				"count": {
				  "min": 5,
				  "max": 15
				},
				"add": false
			  }
			]
		  },
		  {
			"type": "minecraft:item",
			"name": "minecraft:oxidized_copper",
			"weight": 7,
			"functions": [
			  {
				"function": "minecraft:set_count",
				"count": {
				  "min": 1,
				  "max": 3
				},
				"add": false
			  }
			]
		  },
		  {
			"type": "minecraft:item",
			"name": "minecraft:weathered_cut_copper",
			"weight": 9,
			"functions": [
			  {
				"function": "minecraft:set_count",
				"count": {
				  "min": 5,
				  "max": 15
				},
				"add": false
			  }
			]
		  },
		  {
			"type": "minecraft:item",
			"name": "minecraft:weathered_copper",
			"weight": 7,
			"functions": [
			  {
				"function": "minecraft:set_count",
				"count": {
				  "min": 1,
				  "max": 3
				},
				"add": false
			  }
			]
		  },
		  {
			"type": "minecraft:item",
			"name": "minecraft:copper_ingot",
			"weight": 8,
			"functions": [
			  {
				"function": "minecraft:set_count",
				"count": {
				  "min": 5,
				  "max": 15
				},
				"add": false
			  }
			]
		  },
		  {
			"type": "minecraft:item",
			"name": "minecraft:raw_copper",
			"weight": 7,
			"functions": [
			  {
				"function": "minecraft:set_count",
				"count": {
				  "min": 7,
				  "max": 17
				},
				"add": false
			  }
			]
		  },
		  {
			"type": "minecraft:item",
			"name": "minecraft:raw_copper_block",
			"weight": 4,
			"functions": [
			  {
				"function": "minecraft:set_count",
				"count": {
				  "min": 0,
				  "max": 2
				},
				"add": false
			  }
			]
		  },
		  {
			"type": "minecraft:item",
			"name": "minecraft:copper_ore",
			"weight": 3,
			"functions": [
			  {
				"function": "minecraft:set_count",
				"count": {
				  "min": 3,
				  "max": 10
				},
				"add": false
			  }
			]
		  },
		  {
			"type": "minecraft:item",
			"name": "minecraft:deepslate_copper_ore",
			"weight": 1,
			"functions": [
			  {
				"function": "minecraft:set_count",
				"count": {
				  "min": 1,
				  "max": 10
				},
				"add": false
			  }
			]
		  },
		  {
			"type": "minecraft:item",
			"name": "minecraft:granite",
			"weight": 5,
			"functions": [
			  {
				"function": "minecraft:set_count",
				"count": {
				  "min": 16,
				  "max": 32
				},
				"add": false
			  }
			]
		  }
		]
	  }
	]
  }
  