{
	"type": "minecraft:jigsaw",
	"start_pool": "nova_structures:vanilla_structure_remover",
	"biomes": "#nova_structures:collections/deserts",
	"project_start_to_heightmap": "WORLD_SURFACE_WG",
	"liquid_settings": "ignore_waterlogging",
	"start_height": {
		"absolute": 0
	},
	"spawn_overrides": {
    "monster": {
      "bounding_box": "piece",
      "spawns": []
    }
  },
	"step": "surface_structures",
	"use_expansion_hack": false,
	"max_distance_from_center": 2,
	"size": 1,
	"terrain_adaptation": "none"
}