{
  "type": "minecraft:jigsaw",
  "biomes": "#nova_structures:collections/spooky_forests",
  "max_distance_from_center": 127,
  "project_start_to_heightmap": "WORLD_SURFACE_WG",
  "spawn_overrides": {},
  "step": "surface_structures",
  "start_height": {
    "absolute": 0
  },
  "start_pool": "minecraft:illager_mansion/illager_mansion_entry",
  "liquid_settings": "ignore_waterlogging",
  "start_jigsaw_name": "nova_structures:manor_anchor",
  "size": 11,
  "type": "minecraft:jigsaw",
  "use_expansion_hack": false
}