{
    "type": "minecraft:crafting_shaped",
    "pattern": [
        "/",
        "#"
    ],
    "key": {
        "/": [
            {
                "item": "minecraft:red_mushroom_block"
            },
            {
                "item": "minecraft:brown_mushroom_block"
            },
            {
                "item": "minecraft:mushroom_stem"
            }
        ],
        "#": [
            {
                "item": "minecraft:glowstone"
            }
        ]
    },
    "result": {
        "item": "minecraft:shroomlight",
        "count": 1
    }
  }