{
	"name": "nova_structures:end_castle/portal",
	"fallback": "minecraft:empty",
	"elements": [
		{
			"weight": 1,
			"element": {
				"element_type": "minecraft:single_pool_element",
				"location": "nova_structures:end_castle/end_portal_eye",
				"projection": "rigid",
				"processors": "minecraft:empty"
			}
		},
		{
			"weight": 9,
			"element": {
				"element_type": "minecraft:single_pool_element",
				"location": "nova_structures:end_castle/end_portal",
				"projection": "rigid",
				"processors": "minecraft:empty"
			}
		}
	]
}
