{
  "name": "minecraft:ancient_city/city/entrance",
  "fallback": "minecraft:empty",
  "elements": [
    {
      "weight": 1,
      "element": {
        "location": "minecraft:ancient_city/city/entrance/entrance_connector",
        "processors": "minecraft:ancient_city_generic_degradation",
        "projection": "rigid",
        "element_type": "minecraft:single_pool_element"
      }
    },
	{
      "weight": 1,
      "element": {
        "location": "minecraft:ancient_city/city/entrance/entrance_path_end",
        "processors": "minecraft:ancient_city_generic_degradation",
        "projection": "rigid",
        "element_type": "minecraft:single_pool_element"
      }
    },
	{
      "weight": 2,
      "element": {
        "location": "minecraft:ancient_city/city/entrance/entrance_path_0",
        "processors": "minecraft:ancient_city_generic_degradation",
        "projection": "rigid",
        "element_type": "minecraft:single_pool_element"
      }
    },
    {
      "weight": 2,
      "element": {
        "location": "minecraft:ancient_city/city/entrance/entrance_path_1",
        "processors": "minecraft:ancient_city_generic_degradation",
        "projection": "rigid",
        "element_type": "minecraft:single_pool_element"
      }
    },
    {
      "weight": 1,
      "element": {
        "location": "minecraft:ancient_city/city/entrance/entrance_path_2",
        "processors": "minecraft:ancient_city_generic_degradation",
        "projection": "rigid",
        "element_type": "minecraft:single_pool_element"
      }
    },
    {
      "weight": 1,
      "element": {
        "location": "minecraft:ancient_city/city/entrance/entrance_path_3",
        "processors": "minecraft:ancient_city_generic_degradation",
        "projection": "rigid",
        "element_type": "minecraft:single_pool_element"
      }
    },
    {
      "weight": 1,
      "element": {
        "location": "minecraft:ancient_city/city/entrance/entrance_path_4",
        "processors": "minecraft:ancient_city_generic_degradation",
        "projection": "rigid",
        "element_type": "minecraft:single_pool_element"
      }
    },
    {
      "weight": 1,
      "element": {
        "location": "minecraft:ancient_city/city/entrance/entrance_path_5",
        "processors": "minecraft:ancient_city_generic_degradation",
        "projection": "rigid",
        "element_type": "minecraft:single_pool_element"
      }
    }
  ]
}