{
  "name": "custom_villages:custom_villages/village_swamp/villagers",
  "fallback": "minecraft:empty",
  "elements": [
	{
      "weight": 10,
      "element": {
        "location": "custom_villages:village_swamp/villagers/unemployed",
        "processors": "minecraft:empty",
        "projection": "rigid",
        "element_type": "minecraft:legacy_single_pool_element"
      }
    },
	{
      "weight": 1,
      "element": {
        "location": "custom_villages:village_swamp/villagers/baby",
        "processors": "minecraft:empty",
        "projection": "rigid",
        "element_type": "minecraft:legacy_single_pool_element"
      }
    },
	{
      "weight": 1,
      "element": {
        "location": "custom_villages:village_swamp/villagers/nitwit",
        "processors": "minecraft:empty",
        "projection": "rigid",
        "element_type": "minecraft:legacy_single_pool_element"
      }
    }
  ]
}